nome;cnpj;status;objetivo;descricao;orgao;origem;modalidade;dtini;dtfim;fonte
"Associação Cultural Buriti";07379466000199;"Proposta/Plano de Trabalho Cadastrados";"Cabaré Babel";"CABARÉ BABEL é um espetáculo de teatro e música. O ambiente é de um Cabaré dos anos 30, espaço de contestação que vai migrando de um país para outro no correr do musical, trazendo um panorama do século 20 com sua história, suas revoluções, guerras, sofrimentos, sonhos e esperanças. O casal de cabaretiers  em permanente fuga e exílio é interpretado pelos atores Erica Collares e Rogério Fabiano que com o texto originalmente escrito para esta obra por Pedro Lago e direção de Caique Botkay, atravessam com o Cabaré a Alemanha dos anos 30, a Guerra Civil Espanhola, a União Soviética, a Bélgica, a Argentina e finalmente o Brasil.  Cabaré Babel mostra como diversos movimentos  revolucionários no mundo inteiro influenciaram e inspiraram a história do Brasil e da América Latina.  A revolução russa e a guerra civil espanhola foram marcos determinantes no século XX.  A solidariedade internacional também. Afinal, o socialismo é internacionalista. A nossa história não seria a mesma sem estes acontecimentos, estas culturas, estas canções, e figuras como Lênin, La Pasionaria, Apolônio de Carvalho, Prestes, as mães da praça de maio na Argentina, os brigadistas internacionais na guerra civil espanhola, o triunfo da revolução cubana e tantos outros acontecimentos que varreram nosso planeta em busca de um mundo melhor. Longe de ter a pretensão de cobrir todos os acontecimentos e influências, Cabaré Babel, com o seu cabaré em permanente movimento e exílio, traz apenas pinceladas de sonhos e memória. O espetáculo termina com canções de Geraldo Vandré como Aroeira e Roda Viva de Chico Buarque. Imagens de revolucionários de várias partes do mundo se misturarão às imagens de brasileiros conhecidos e anônimos, vivos ou mortos. De La Pasionaria a Stuart Angel, passando por fotos daqueles ainda hoje desaparecidos e desconhecidos.   Como diz Eduardo Galeano,  até que os leões tenham os seus próprios historiadores, as histórias das caçadas continuarão glorificando o caçador.  No nosso caso os caçadores ficarão no lixo da história. Nós queremos contribuir apenas um pouco para este processo.";"Ministério da Justiça";NULL;CONVENIO;01/09/2012;01/12/2012;NULL
"Associação dos Amigos da Arte Popular Brasileira";03360608000115;"Prestação de Contas Aprovada";"Espaço Musel Casa do Pontal";""Realização ações de restauro e conservação de obras de arte popular brasileira do acervo do Museu Casa do Pontal e de dinamização da coleção por meio de atividades de pesquisa, capacitação de educadores e gestores sócio-culturais e de exposições itinerantes educativas.							"";"Instituto do Patrimônio Histórico e Artístico Nacional";NULL;CONVENIO;30/12/2008;20/02/2010;NULL
"Associação dos Amigos da Arte Popular Brasileira";03360608000115;"Prestação de Contas Aprovada";"Ampliação do Programa Educacional e Social ";""Apoiar a integração entre escola, comunidade e museu, através da continuação e ampliação do Programa Educacional e Social desenvolvido pelo Museu Casa do Pontal, desde 1996, envolvendo visitações teatralizadas ao acervo em exposição permanente nas galerias do Museu";"Ministério da Cultura";NULL;CONVENIO;31/12/2008;31/12/2010;NULL
"Associação dos Amigos da Arte Popular Brasileira";03360608000115;"Prestação de Contas enviada para Análise";"Educação Patrimonial no Museu Casa do Pontal - Novos Olhares Sobre a Arte Popular Brasileira";"No âmbito do presente projeto, “Educação Patrimonial no Museu Casa do Pontal - Novos Olhares Sobre a Arte Popular Brasileira”, privilegia-se um dos principais objetivos da instituição, que consiste em realizar ações educacionais e sociais relacionadas à arte popular para estudantes e participantes de projetos de entidades sociais, utilizando a linguagem cênica como fio condutor da visitação ao acervo em exposição permanente.";"Ministério da Cultura";NULL;CONVENIO;15/12/2009;07/09/2011;NULL
"Associação dos Amigos da Arte Popular Brasileira";03360608000115;"Prestação de Contas Aprovada";"Ações educativas e incremento cultural da Zona Oeste do Rio de Janeiro";"No âmbito do presente projeto, “Museu Casa do Pontal - Ações educativas e incremento cultural da Zona Oeste do Rio de Janeiro”, privilegia-se a promoção de atividades culturais relacionadas aos campos da arte e da cultura popular, por meio da realização de uma exposição e um seminário nos novos espaços do Museu Casa do Pontal.";"Ministério da Cultura";NULL;CONVENIO;31/12/2009;16/08/2011;NULL
"Associação dos Amigos da Arte Popular Brasileira";03360608000115;"Prestação de Contas Aprovada";"Preservação, Pesquisa e Acesso à Arte Popular Brasileira";""No âmbito do presente projeto, “Preservação, Pesquisa e Acesso à Arte Popular Brasileira - acervo Museu Casa do Pontal” pretende-se realizar: (i) pesquisa e documentação do acervo e temas correlatos";"Ministério da Cultura";NULL;CONVENIO;31/12/2009;31/07/2012;NULL
"Associação dos Amigos da Arte Popular Brasileira";03360608000115;"Prestação de Contas em Análise";"rte Popular Brasileira - exposição do acervo do Museu Casa do Pontal no Paraguai";""No âmbito do presente projeto, “Arte Popular Brasileira - exposição do acervo do Museu Casa do Pontal no Paraguai”, propõe-se para a realização de uma exposição de arte em Assunção, Paraguai, país que abriga também uma rica produção de arte popular.		"";"Ministério da Cultura";NULL;CONVENIO;31/05/2010;31/12/2011;NULL
"Associação dos Amigos da Arte Popular Brasileira";03360608000115;"Prestação de Contas Aprovada";"Ações educativas e incremento cultural";"No âmbito do presente projeto, “Museu Casa do Pontal - Ações educativas e incremento cultural / 2010”, privilegia-se a promoção de atividades culturais relacionadas aos campos da arte e da cultura popular, por meio da realização de uma exposição e um seminário nos novos espaços do Museu Casa do Pontal.";"Instituto Brasileiro de Museus";NULL;CONVENIO;31/12/2010;31/12/2012;NULL
"Associação dos Amigos da Arte Popular Brasileira";03360608000115;"Prestação de Contas Aprovada";"Educação Patrimonial no Museu Casa do Pontal";"No âmbito do presente projeto, “Educação Patrimonial no Museu Casa do Pontal - Novos Olhares Sobre a Arte Popular Brasileira”, privilegia-se um dos principais objetivos da instituição, que consiste em realizar ações educacionais e sociais relacionadas à arte popular para estudantes e participantes de projetos de entidades sociais, utilizando a linguagem cênica como fio condutor da visitação ao acervo em exposição permanente.";"Instituto Brasileiro de Museus";NULL;CONVENIO;31/12/2010;30/11/2012;NULL
"Associação dos Amigos da Arte Popular Brasileira";03360608000115;"Prestação de Contas Aprovada";"Projeto de apoio emergencial ao Museu Casa do Pontal ";""No ambito do Projeto de apoio emergencial ao Museu Casa do Pontal para reparos prioritários dos danos no causados pelas chuvas e enchentes no Rio de Janeiro, privilegia-se a substituição de painéis fotográficos, vitrines, painéis e mobiliários expositivos danificados pelo alagamento";"Instituto Brasileiro de Museus";NULL;CONVENIO;28/12/2010;27/12/2011;NULL
"Associação dos Amigos da Arte Popular Brasileira";03360608000115;"Proposta/Plano de Trabalho Complementado Enviado para Análise";"Memória, Reconhecimento e Valorização da Arte Popular Brasileira";"Objetivo geral  O presente projeto está diretamente relacionado ao objetivo maior do Museu Casa do Pontal de trabalhar pela memória, reconhecimento e valorização da Arte Popular Brasileira, voltando-se para a continuidade e a sustentabilidade das atividades desempenhadas pela instituição.  Objetivos específicos  (i) Preservar o acervo do Museu Casa do Pontal por meio do restauro e higienização de 117 obras do acervo.   (ii) Realizar ações educacionais e sociais relacionadas à Arte Popular, por meio da realização de 244 espetáculos de visitas teatralizadas educacionais gratuitas para estudantes de escolas públicas e projetos sociais.   (iii) Divulgar o Museu Casa do Pontal e a arte popular brasileira, por meio da alimentação do Portal da Arte Popular Brasileira e da realização e difusão de 3 documentários audiovisuais contemplando localidades e artistas com obras no acervo.";"Instituto Brasileiro de Museus";NULL;CONVENIO;01/01/2012;31/12/2012;NULL
"Associação dos Amigos da Arte Popular Brasileira";03360608000115;"Prestação de Contas Aprovada";"Preservação, produção de conhecimento e difusão da arte popular";""No âmbito do presente projeto, “Preservação, produção de conhecimento e difusão da arte popular” pretende-se realizar: (i) restauro e conservação preventiva de obras de arte popular do acervo do Museu Casa do Pontal (RJ)";"Instituto Brasileiro de Museus";NULL;CONVENIO;31/12/2012;10/05/2014;NULL
"Associação dos Amigos da Arte Popular Brasileira";03360608000115;"Proposta/Plano de Trabalho Complementado Enviado para Análise";"Visitas Educacionais Teatralizadas e Exposição Temporária";"No âmbito do presente projeto, “Visitas Educacionais Teatralizadas e Exposição Temporária no Museu Casa do Pontal/2012”, privilegia-se a promoção de atividades culturais relacionadas aos campos da arte e da cultura popular. Nesse sentido o projeto contempla: (i) a realização de ações educacionais e sociais no Museu Casa do Pontal (RJ) para estudantes da rede pública e participantes de projetos de entidades sociais, utilizando a linguagem cênica como fio condutor da visitação ao acervo em exposição permanente, além da (ii) realização de uma exposição temporária no Museu Casa do Pontal.";"Instituto Brasileiro de Museus";NULL;CONVENIO;01/12/2012;30/11/2013;NULL
"Associação dos Amigos da Arte Popular Brasileira";03360608000115;"Prestação de Contas enviada para Análise";"Restauração e conservação de acervo";""Restauração e conservação de acervo";"Instituto Brasileiro de Museus";NULL;CONVENIO;22/08/2014;05/07/2016;NULL
"Associação dos Amigos da Arte Popular Brasileira";03360608000115;"Prestação de Contas enviada para Análise";"Restauração e conservação de acervo";""Restauração e conservação do acervo";"Instituto Brasileiro de Museus";NULL;CONVENIO;31/12/2014;20/07/2016;NULL
"Associação dos Amigos da Arte Popular Brasileira";03360608000115;"Prestação de Contas enviada para Análise";"Segunda Exposição temporária do Museu Casa do Pontal";""Realização da Segunda Exposição temporária do Museu Casa do Pontal com ações educativas";"Instituto Brasileiro de Museus";NULL;CONVENIO;31/12/2014;31/03/2017;NULL
"Associação dos Amigos da Arte Popular Brasileira";03360608000115;"Aguardando Prestação de Contas";"Terceira Exposição temporária do Museu Casa do Pontal";""Realização da terceira Exposição temporária no Museu Casa do Pontal com ações educativas";"Instituto Brasileiro de Museus";NULL;CONVENIO;31/12/2014;21/07/2017;NULL
"Associação dos Amigos da Arte Popular Brasileira";03360608000115;"Proposta/Plano de Trabalho Rejeitados por Impedimento técnico";"Catalogação e modernização do sistema de acervo do Museu";""No âmbito do presente projeto “Catalogação e modernização do sistema de acervo do Museu - 2014” privilegia-se a revisão da catalogação e da informatização do acervo do Museu Casa do Pontal. Nesse sentido o projeto contempla: (i) Modernização do Sistema de Acervos do Museu Casa do Pontal";"Instituto Brasileiro de Museus";NULL;CONVENIO;31/12/2014;31/12/2015;NULL
"Associação dos Amigos da Arte Popular Brasileira";03360608000115;"Prestação de Contas enviada para Análise";"Visitas Teatralizadas";"Realiza��o de visitas teatralizadas � exposi��o permanente do Museu Casa do Pontal";"Instituto Brasileiro de Museus";NULL;CONVENIO;18/12/2015;09/05/2017;NULL
"Associação dos Amigos da Arte Popular Brasileira";03360608000115;"Prestação de Contas em Análise";"Exposições Educativas";"Realizar exposições educativas itinerantes do acervo de arte popular do Museu Casa do Pontal";"Instituto Brasileiro de Museus";NULL;CONVENIO;15/12/2015;09/05/2017;NULL
"Associação dos Amigos da Arte Popular Brasileira";03360608000115;"Proposta/Plano de Trabalho Rejeitados por Impedimento técnico";"Restauração e Conservação Preventiva em Obras do Museu";"Realização de ações de restauro e conservação preventiva em obras do acervo do Museu Casa do Pontal";"Instituto Brasileiro de Museus";NULL;CONVENIO;01/06/2016;31/12/2016;NULL
"Associação dos Amigos da Arte Popular Brasileira";03360608000115;"Em execução";"revisão da Catalogação e Modernização do Banco de Dados do Acervo do Museu Casa do Pontal";""Realização de (i) revisão da catalogação e modernização do banco de dados do acervo do Museu Casa do Pontal";"Instituto Brasileiro de Museus";NULL;CONVENIO;31/12/2015;09/05/2018;NULL
"Associação dos Amigos da Arte Popular Brasileira";03360608000115;"Proposta/Plano de Trabalho em Complementação";"Sistema de Geração de Energia";"No âmbito desse projeto temos como meta comprar e instalar sistema de geração de energia, através de placas solares. Será realizada uma usina com módulos solares dispostos na cobertura da nova sede do Museu Casa do Pontal.";"Instituto Brasileiro de Museus";NULL;"TERMO DE FOMENTO";01/11/2017;01/11/2018;NULL
"Associação dos Amigos da Arte Popular Brasileira";03360608000115;"Proposta/Plano de Trabalho Complementado Enviado para Análise";"Divulgação do acervo de arte popular brasileira do Museu Casa do Pontal";"Divulgação do acervo de arte popular brasileira do Museu Casa do Pontal, através de visita musicada teatralizada.";"Instituto Brasileiro de Museus";NULL;"TERMO DE FOMENTO";01/11/2017;01/11/2018;NULL
"Associação Via Cultural Brasil";06555811000135;"Proposta/Plano de Trabalho em Complementação";"Lona Cultural na Cidade de Maricá";"Implantar uma Lona Cultural na Cidade de Maricá - RJ visando atuar como agente incentivador de cultura,inserindo definitivamente a Cidade de Maricá - RJ no circuito cultural do Estado, dando grande importância no seu papel de transformação e inclusão social. A Lona Cultural atuará respeitando a pluraridade de manifestaçoes culturais, servindo de referência a toda menifestação artística da região, promovendo também grandes shows com artistas consagrados da MPB, realizando oficinas de artes e profissionalizante, visnado a geração de renda para a comunidade participant.";"Ministério da Cultura";NULL;CONVENIO;22/12/2008;22/03/2009;NULL
"Cinema Nosso";06085782000195;"Proposta/Plano de Trabalho Complementado Enviado para Análise";"Pontos de Cultura ligados a linguagem audiovisual";"Atender o nosso público-alvo prioritário, formado por adolescentes e jovens, na faixa etária de 15 a 25 anos. Essa proposta destina-se aos participantes de Pontos de Cultura ligados a linguagem audiovisual. Cada curso tem duração de um semestre letivo e cada turma é composta por 20 alunos, totalizando 60 alunos nós três anos.  Realizar capacitações e seminários com temas relacionados à temática audiovisual. Fomentar a elaboração e finalização das produções realizadas.";"Ministério da Cultura";NULL;CONVENIO;30/09/2010;20/12/2012;NULL
"Instituto Tamanduá Synapse Cultural";07579027000120;"Proposta/Plano de Trabalho Cadastrados";"Curta Na Escola";"patrocinado pela Petrobras, em continuidade desde 2002, e que a Petrobras por dificuldades financeiras interrompeu a continuidade do patrocínio e já informou que no mínimo irá reduzí-lo, precisando ser salvo pelo menos a operação básica do Curta Na Escola, que tem  a sua relevância como o projeto de formação de plateias para o cinema brasileiro de grande abrangência";"Ministério da Cultura";NULL;CONVENIO;11/06/2009;11/12/2009;NULL
"Instituto Tamanduá Synapse Cultural";07579027000120;"Proposta/Plano de Trabalho em Análise";"Curta na Escola";"O projeto CURTA NA ESCOLA promove o uso de curtas-metragens brasileiros em salas de aula, atendendo objetivos planejados por professores para abordagem de disciplinas e temas transversais previstos nos currculos do nvel fundamental e acima.   Em vigncia desde 2007, o projeto surgiu com os entraves tpicos da excluso digital na era da informao, agravados pela dimenso de um pas que conta com reas de isolamento cultural e tecnolgico. Eis o desafio: como conectar pontos isolados a um centro de informao comum?<p>   Com esse objetivo, o projeto CURTA NA ESCOLA prope uma inovadora estratgia de difuso cultural e de participao colaborativa de educadores, que tem como suporte:  1)http://www.curtanaescola.org.br - portal vertical de referncia, voltado a educadores de todo o pas, que disponibiliza, atualmente, mais de 200 curtas metragens brasileiros para exibio online gratuita e na ntegra, acompanhados de pareceres indicativos de aplicabilidades para a educao. No site CURTA NA ESCOLA, educadores podem compartilhar suas vivncias em torno da utilizao dos curtas em salas de aula, seja atravs de comentrios aos filmes, discusses no frum e, principalmente, do envio de relatos de suas experincias com a exibio de filmes aos alunos. Tais relatos integram um grande banco de experincias educacionais, e podem ser pesquisados por outros educadores atravs de diversos filtros de interesse, realimentando continuamente o sistema.  2)Coleo Curta Na Escola Vol.1  DVD compilado que apresenta 8 filmes com alto potencial didtico, todos apropriados para uso em todos os nveis de ensino, selecionados pela equipe pedaggica do Curta na Escola. Tem por finalidade enriquecer a qualidade de exibio dos curtas em salas de aula alternativamente  exibio via Internet.  O site CURTA NA ESCOLA abriu para as escolas a possibilidade de se cadastrarem para participar da seleo de instituies que receberiam o DVD Coleo Curta Na Escola gratuitamente, contendo 8 filmes de curta-metragem com alto potencial pedaggico. Tais filmes receberam indicaes de aplicabilidades pedaggicas para uso em salas de aula elaboradas por pedagogos especialistas no uso do audiovisual em sala de aula.<p>  O cadastramento foi um sucesso e mais de 16 mil escolas de todo o territrio brasileiro, sendo 12 mil da rede pblica de ensino, demonstraram grande interesse em ter acesso a este precioso material de trabalho em suas instituies.   Infelizmente s dispusemos de verba para tiragens de 600 DVDs Curta na Escola de cada volume para distribuio gratuita, patrocinada pela Petrobras. Frente s mais de 16 mil escolas interessadas auto-cadastradas, que renem um total de 9 milhes de alunos, os resultados seriam certamente mais expressivos ampliando-se o nmero de escolas atendidas, j que a Internet ainda no  o melhor meio para se exibir filmes em salas de aula.  A tiragem complementar do DVD Curta na Escola 1 para distribuio para mais 3.000 escolas pblicas auto-cadastradas junto ao projeto (25% do total das 12 mil escola pblicas auto-cadastradas) e que no puderam ser atendidas pela tiragem inicial seria de grande valia para ampliar essa rede de compartilhamento de conhecimentos pedaggicos em torno do audiovisual brasileiro, beneficiando mais de 4 milhes de alunos.  Adicionamos em anexo a lista das 3.000 escolas que seriam atendidas com esta nova tiragem. A escolha das escolas tem como critrios beneficiar instituies da rede pblica localizadas em todos os estados brasileiros, que disponibilizem o ensino fundamental e que possuam aparelho de DVD.   O Projeto Curta na Escola  uma iniciativa do Instituto Tamandu Synapse Cultural. As atividades do instituto so voltadas para: coleta, catalogao, promoo da pesquisa e difuso de informaes sobre a produo cultural, produo, promoo, difuso e distribuio de informaes de contedo informativo, cultural e/ou educacional.";"Ministério da Cultura";NULL;CONVENIO;01/07/2009;01/10/2009;NULL
"Instituto Tamanduá Synapse Cultural";07579027000120;"Prestação de Contas Aprovada com Ressalvas";"Curta na Escola";"O projeto CURTA NA ESCOLA promove o uso de curtas-metragens brasileiros em salas de aula, atendendo objetivos planejados por professores para abordagem de disciplinas e temas transversais previstos nos currculos do nvel fundamental e acima.   Em vigncia desde 2007, o projeto surgiu com os entraves tpicos da excluso digital na era da informao, agravados pela dimenso de um pas que conta com reas de isolamento cultural e tecnolgico. Eis o desafio: como conectar pontos isolados a um centro de informao comum?<p>   Com esse objetivo, o projeto CURTA NA ESCOLA prope uma inovadora estratgia de difuso cultural e de participao colaborativa de educadores, que tem como suporte:  1)http://www.curtanaescola.org.br - portal vertical de referncia, voltado a educadores de todo o pas, que disponibiliza, atualmente, mais de 200 curtas metragens brasileiros para exibio online gratuita e na ntegra, acompanhados de pareceres indicativos de aplicabilidades para a educao. No site CURTA NA ESCOLA, educadores podem compartilhar suas vivncias em torno da utilizao dos curtas em salas de aula, seja atravs de comentrios aos filmes, discusses no frum e, principalmente, do envio de relatos de suas experincias com a exibio de filmes aos alunos. Tais relatos integram um grande banco de experincias educacionais, e podem ser pesquisados por outros educadores atravs de diversos filtros de interesse, realimentando continuamente o sistema.  2)Coleo Curta Na Escola Vol.1  DVD compilado que apresenta 8 filmes com alto potencial didtico, todos apropriados para uso em todos os nveis de ensino, selecionados pela equipe pedaggica do Curta na Escola. Tem por finalidade enriquecer a qualidade de exibio dos curtas em salas de aula alternativamente  exibio via Internet.  O site CURTA NA ESCOLA abriu para as escolas a possibilidade de se cadastrarem para participar da seleo de instituies que receberiam o DVD Coleo Curta Na Escola gratuitamente, contendo 8 filmes de curta-metragem com alto potencial pedaggico. Tais filmes receberam indicaes de aplicabilidades pedaggicas para uso em salas de aula elaboradas por pedagogos especialistas no uso do audiovisual em sala de aula.<p>  O cadastramento foi um sucesso e mais de 16 mil escolas de todo o territrio brasileiro, sendo 12 mil da rede pblica de ensino, demonstraram grande interesse em ter acesso a este precioso material de trabalho em suas instituies.   Infelizmente s dispusemos de verba para tiragens de 600 DVDs Curta na Escola de cada volume para distribuio gratuita, patrocinada pela Petrobras. Frente s mais de 16 mil escolas interessadas auto-cadastradas, que renem um total de 9 milhes de alunos, os resultados seriam certamente mais expressivos ampliando-se o nmero de escolas atendidas, j que a Internet ainda no  o melhor meio para se exibir filmes em salas de aula.  A tiragem complementar do DVD Curta na Escola 1 para distribuio para mais 3.000 escolas pblicas auto-cadastradas junto ao projeto (25% do total das 12 mil escola pblicas auto-cadastradas) e que no puderam ser atendidas pela tiragem inicial seria de grande valia para ampliar essa rede de compartilhamento de conhecimentos pedaggicos em torno do audiovisual brasileiro, beneficiando mais de 4 milhes de alunos.  Adicionamos em anexo a lista das 3.000 escolas que seriam atendidas com esta nova tiragem. A escolha das escolas tem como critrios beneficiar instituies da rede pblica localizadas em todos os estados brasileiros, que disponibilizem o ensino fundamental e que possuam aparelho de DVD.   O Projeto Curta na Escola  uma iniciativa do Instituto Tamandu Synapse Cultural. As atividades do instituto so voltadas para: coleta, catalogao, promoo da pesquisa e difuso de informaes sobre a produo cultural, produo, promoo, difuso e distribuio de informaes de contedo informativo, cultural e/ou educacional.";"Ministério da Cultura";NULL;CONVENIO;06/11/2009;06/02/2010;NULL
"Instituto Tamanduá Synapse Cultural";07579027000120;"Proposta/Plano de Trabalho em Complementação";"Curta na Escola";"O CURTA NA ESCOLA promove o uso de curtas brasileiros em salas de aula, atendendo objetivos planejados por professores para abordagem de disciplinas e temas transversais previstos nos currículos do nível fundamental em diante. Desde 2007 o projeto propõe uma inovadora estratégia de difusão cultural e de participação colaborativa de educadores, que tem como suporte o site www.curtanaescola.org.br e a COLEÇÃO CURTA NA ESCOLA, que já conta com 3 volumes de DVDs enviados para mais de 3 mil escolas da rede pública.   O presente projeto propõe a organização, confecção, distribuição e acompanhamento inicial do uso do DVD Coleção Curta na Escola Volume 4, a ser enviado para 1.000 escolas da rede pública em todo o território nacional. O Volume 4 será o primeiro com audiodescrição e closed captioned. O recebimento será monitorado, e as escolas beneficiadas serão estimuladas a realizar exibições e a relatá-las no site Curta na Escola.";"Ministério da Cultura";NULL;CONVENIO;15/09/2012;14/06/2013;NULL
"Instituto de Imagem e Cidadania Rio de Janeiro";03808720000176;"Proposta/Plano de Trabalho Rejeitados";"Capacitação e Articulação dos Agentes Escola Viva";"Desenvolver aes de capacitao e articulao dos (as) Agente Escola Viva. Seguem objetivos: <br>1.	Selecionar cinco Pontos de Cultura contemplados no edital Bolsa Agente Escola Viva para participar da Comisso Gestora do Ponto como Plo Local/Regional.<br> 2.	Realizar reunies de planejamento com os/as articuladores juvenis dos Plos do Ponto Agente Escola Viva.<br>  3.	Realizar Encontros locais/regionais nos cinco Plos Locais/Regionais com os/as agentes Escola Viva para garantir a articulao das iniciativas da Bolsa Agente Escola Viva e realizar oficinas de formao em Fotografia Digital, Linguagem Audiovisual e Gerenciamento de Contedo para o portal. <br> 4.	Realizar um Encontro Nacional de Articulao e Formao com os/as agente Escola Viva (Educao Emancipatria, Gesto Compartilhada, Memria, Histria Oral e Patrimnio, Linguagem audiovisual e Prticas Comunicacionais, Lideranas juvenis e polticas pblicas de juventude). <br> 5.	Realizar Seminrios Locais/regionais Agente Escola Viva nos cinco plos Locais/regionais abordando a importncia da participao juvenil numa educao emancipatria,  a cultura como instrumento de transformao social e o desafio da gesto compartilhada). <br> 6.	Distribuir material pedaggico atravs de endereo eletrnico e pelo portal Agente Escola Viva.  Realizar a divulgao e difuso dos produtos culturais produzidos pelos/as Agente Escola Viva.<br> 7.	Criao e Manuteno de um Portal Agente Escola Viva que contemple a descrio de cada ao selecionada pelo edital Bolsa Agente Escola Viva.  A ferramenta do Portal permitir a gesto compartilhada do contedo. Tambm ter dispositivos para o estabelecimento de dilogos on-line com o objetivo de utilizar esse canal de comunicao como instrumento de difuso das aes, articulao e de formaes virtuais.<br>  8.	Organizao de Publicao em pdf e impressa para registro e divulgao para gestores pblicos, professores, educadores e pessoas interessadas com informaes do processo de monitoramento e avaliao, perfil dos/as participantes, escolas e reas selecionadas.  E com relatos sobre os objetivos da ao Bolsa Agente Escola Viva, as aes realizadas e seus resultados.<br>  9.	Produo e divulgao de um documentrio que conte a histria da iniciativa Agente Escola Viva, seus objetivos, os atores envolvidos, estudantes, professores e ponto, as aes realizadas no interior da escola e os resultados alcanados.";"Ministério da Cultura";NULL;CONVENIO;01/01/2010;31/12/2012;NULL
"Instituto de Imagem e Cidadania Rio de Janeiro";03808720000176;"Proposta/Plano de Trabalho em Complementação";"Desenvolvimento de Atividades Agropecuárias";"Normalmente o espaço rural está associado ao desenvolvimento de atividades agropecuárias e a um estilo de vida peculiar e simples. Caracterizado pela densidade populacional relativamente baixa, por usos econômicos peculiares, um modo de vida marcado pelas relações sociais, por representações específicas da cultura rural e pelas atividades agrícolas. Ao longo dos últimos anos o meio rural, vem ganhando novas funções e novos tipos de ocupações, tornando-se lugar para o lazer, descanso e para a realização de práticas turísticas. <p>No Estado do Rio de Janeiro percebe-se um intenso processo de urbanização, com destaque para as atividades associadas ao turismo, principalmente nas cidades adjacentes a região metropolitana. E o que se percebe nestas localidades é a descaracterização da identidade destes vilarejos rurais que acaba incorporando outras lógicas de ocupação do espaço. Desta forma, além do investimento nas cadeias produtivas das atividades agrícolas e não agrícolas, se faz necessário valorizar os modos de vida e os saberes das pessoas que vivem no campo. Nestas localidades encontramos várias pessoas que trazem consigo conhecimentos adquiridos através da oralidade, ou seja, que aprenderam com seus pais, que haviam aprendido com seus avôs e assim sucessivamente. E são muitos esses conhecimentos: feitura da broa feita com fubá do moinho d'água.";"Ministério da Cultura";NULL;CONVENIO;01/08/2013;31/08/2014;NULL
"Instituto de Imagem e Cidadania Rio de Janeiro";03808720000176;"Proposta/Plano de Trabalho Aprovados";"Patrimônio Cultural em São Pedro da Serra";"Pesquisa sobre o patrimônio cultural que expressa a identidade sociocultural, como também de sustentabilidade, da comunidade rural de São Pedro da Serra, no município de Nova Friburgo – RJ. A pesquisa será difundida através da produção do livro “Referências Culturais do Distrito de São Pedro da Serra – Nova Friburgo” abordando o patrimônio cultural presente nesta comunidade, com uma tiragem de 1000 livros impressos e 100 livros digitais com acessibilidade.  E por um documentário “Práticas Agrícolas Sustentáveis” que terá duração de 25 minutos e uma tiragem de 1000 DVD’s. Ambos serão distribuídos para escolas públicas, bibliotecas, pontos de cultura, entre outros, para serem utilizados por pessoas e profissionais interessados na temática da diversidade cultural presente nas áreas rurais.";"Instituto do Patrimônio Histórico e Artístico Nacional";NULL;CONVENIO;20/07/2014;20/07/2015;NULL
"Associação Casa do Pontal";31886799000199;Permanente;"Exposição Permanente";"A exposição permanente do museu reúne, em 1.500 m² de galerias, 4.500 obras, produzidas desde meados de 1950 até hoje, representativas do universo cultural brasileiro, com suas  variadas culturas rurais e urbanas. A exposição possibilita uma visão abrangente da vida brasileira e suas atividades cotidianas, festivas, imaginárias e religiosas. Todo o percurso das galerias é acompanhado por textos explicativos em português, inglês e francês; ampliações fotográficas com imagens dos artistas, de festas folclóricas e legendas de obras, com a autoria, o local de nascimento do artista e a década de criação da obra.  O Museu Casa do Pontal foi organizado tematicamente em 12 setores que se sucedem no circuito da exposição.";"Ministério da Cultura, Petrobrás, Secretaria de Estado de Cultura RJ, BNDES, IBRAM, UNESCO, Itaú";"Lei 8.313/91 (Rouanet) - Federal";NULL;NULL;NULL;http://www.museucasadopontal.com.br/pt-br/exposicoes/permanente
"Associação Casa do Pontal";31886799000199;Permanente;"GVB Galeria de Arte";"A GVB Galeria de Arte é um espaço do Museu Casa do Pontal voltado para a realização de exposições temporárias que ofereçam outras perspectivas e modos de ver e interagir com os mundos da arte popular e suas zonas de fronteira. As propostas expositivas visam diálogos e confrontações da arte popular com as artes estabelecidas, as vanguardas e a crítica de arte, de forma a permitir que a criação artística seja pensada e vista por múltiplos ângulos, considerando suas diferenças e especificidades. O espaço também abriga exposições que possibilitem o aprofundamento no próprio campo das artes e das culturas populares, seus contextos e particularidades, no Brasil, na América do Sul e em outros países.";"Ministério da Cultura, Petrobrás, Secretaria de Estado de Cultura RJ, BNDES, IBRAM, UNESCO, Itaú";"Lei 8.313/91 (Rouanet) - Federal";NULL;NULL;NULL;http://www.museucasadopontal.com.br/pt-br/exposicoes/temporarias
"Associação Casa do Pontal";31886799000199;Permanente;"Montagens Expositivas";" O Museu Casa do Pontal tem larga experiência em realização de montagens expositivas. Desde a década de 1970,  já idealizou e organizou cerca de 40 exposições do acervo no Brasil e em 14 países – Alemanha, França, Inglaterra, Espanha, Suíça, Itália, Dinamarca, Suécia, Bélgica, Eslováquia, Argentina, EUA, Índia e Paraguai. As exposições contam com propostas curatoriais elaboradas de acordo com lugares e projetos que as recebem.";"Ministério da Cultura, Petrobrás, Secretaria de Estado de Cultura RJ, BNDES, IBRAM, UNESCO, Itaú";"Lei 8.313/91 (Rouanet) - Federal";NULL;NULL;NULL;http://www.museucasadopontal.com.br/pt-br/exposicoes/no-brasil-e-no-mundo
"Associação Casa do Pontal";31886799000199;Permanente;"Visitas Teatralizadas";"Crianças e jovens, da educação infantil ao ensino médio, são recebidos no Museu Casa do Pontal por arte- educadores que os convidam a uma viagem cultural, utilizando linguagens como a música, o teatro de bonecos, o cordel, a “contação” de histórias, desafios, trovas e versos. Os roteiros são adaptados às diferentes faixas etárias e alguns temas podem ser priorizados durante a visita, de acordo com a intenção de abordagem da instituição.";"Ministério da Cultura, Petrobrás, Secretaria de Estado de Cultura RJ, BNDES, IBRAM, UNESCO, Itaú";"Lei 8.313/91 (Rouanet) - Federal";NULL;NULL;NULL;http://www.museucasadopontal.com.br/pt-br/visitas-teatralizadas
"Associação Casa do Pontal";31886799000199;Permanente;"Exposições Educativas";"(Texto não informado)";"Ministério da Cultura, Petrobrás, Secretaria de Estado de Cultura RJ, BNDES, IBRAM, UNESCO, Itaú";"Lei 8.313/91 (Rouanet) - Federal";NULL;NULL;NULL;http://www.museucasadopontal.com.br/pt-br/exposicoes/educativas
"Associação Casa do Pontal";31886799000199;Permanente;"Oficinas de Formação";"(Texto não informado)";"Ministério da Cultura, Petrobrás, Secretaria de Estado de Cultura RJ, BNDES, IBRAM, UNESCO, Itaú";"Lei 8.313/91 (Rouanet) - Federal";NULL;NULL;NULL;http://www.museucasadopontal.com.br/pt-br/formacao
"Associação de Cultura e Meio Ambiente";05977454000130;Finalizado;"Pontão de Cultura da Floresta";"Pontão de Cultura da Floresta – Centro de Cultura da Floresta - O ministro da Cultura, Juca Ferreira, assina nesta quarta-feira (1º de setembro), às 9h, no Palácio Rio Branco, na capital acreana, acordo entre o Ministério da Cultura e a Associação de Cultura e Meio Ambiente (ACMA), para a criação do Centro de Cultura da Floresta, no estado. A parceria beneficiará 220 mil pessoas, como os indígenas da etnia Ashaninka, responsáveis pela manutenção e desenvolvimento do Centro Yorenka Ãtame, que significa ‘Saberes da Floresta’, na língua aruak.";"Ministério da Cultura";"PPP (Parceria Público Privada)";NULL;01/09/2010;01/09/2013;"http://thacker.diraol.eng.br/mirrors/www.cultura.gov.br/site/2010/08/30/centro-de-cultura-da-floresta/index.html?replytocom=20904;http://www.apiwtxa.org.br/projeto/pontao-de-cultura-da-floresta-centro-de-cultura-da-floresta/"
"Associação dos Amigos da Arte Popular Brasileira";03360608000115;"Em andamento";"Construção do Museu Casa do Pontal";"O Banco Nacional de Desenvolvimento Econômico e Social (BNDES) aprovou recentemente o apoio de R$ 4,6 milhões à Associação dos Amigos da Arte Popular Brasileira, que será direcionado a museologia da nova sede do Museu Casa do Pontal, localizada na Barra da Tijuca, no Rio de Janeiro. Com previsão de entrega para 2018, o edifício tem projeto assinado pelo escritório Arquitetos Associados.";BNDES;"PPP (Parceria Público Privada)";NULL;22/10/2017;2018;http://au.pini.com.br/2017/08/previsto-para-2018-museu-casa-do-pontal-no-rio-de-janeiro-tem-projeto-assinado-pelo-arquitetos-associados/
"Associação o Eco";06370226000160;Finalizado;"Reportagem sobre Desmatamento da Amazônia";"Produção e redação de reportagens em profundidade sobre os efeitos da pecuária e da soja no desmatamento da Amazônia";"Fundação Gordon e Betty Moore e da Norwegian Agency for Development Cooperation (Norad)";"PPP (Parceria Público Privada)";NULL;10/2017;12/2017;http://www.oeco.org.br/wp-content/uploads/2017/09/TOMADA-DE-PRE%C3%87O-N%C2%BA-001_2017.pdf
"Associação Via Cultural Brasil";06555811000135;Finalizado;"Cogestão da Arena Carioca Abelardo Barbosa - Chacrinha (Arena da Pedra de Guaratiba)";"Dar continuidade ao trabalho que vem sendo realizado pela Proponente há 05 (cinco) anos, a fim de garantir o pleno funcionamento da Arena, evitando a interrupção das atividades e garantindo que a população do bairro da Pedra de Guaratiba e adjacências, bem como demais moradores da cidade do Rio de Janeiro, continuem tendo uma oferta de programação artística e cultural de qualidade, de terça a domingo. Ressaltamos que o novo Edital não será concluído a tempo, devido às recentes mudanças na legislação e aos trâmites administrativos necessários.";"Secretaria Municipal de Cultura";"PPP (Parceria Público Privada)";NULL;17/09/2017;17/12/2017;http://www.rio.rj.gov.br/web/smc/exibeconteudo?id=7286755
"Câmara de Cultura, Comercio e Turismo Brasil";02979479000185;Permanente;"Revista Guia Cultural";"A Revista Guia Cultural é uma iniciativa da Câmara de Cultura, com a finalidade de promover e divulgar a cultura e o turismo do nosso país, através de ações objetivas que visam sensibilizar e motivar os habitantes e os turistas a dedicarem uma parte do seu tempo de lazer em visitas aos Museus, Centros Culturais e serviços culturais das cidades.";"Cortez, Consultoria, Assessoria e Representações";"PPP (Parceria Público Privada)";NULL;NULL;NULL;http://camaradecultura.org/guia-cultural-do-rio-de-janeiro/
"Cinema Nosso";06085782000195;Permanente;"Anima Aqui";" É um projeto que oferece Oficinas de animação, sessões públicas de cinema, cineclube, recreação audiovisual e atividades com a família, para crianças e jovens da Cidade de Deus, Rio de Janeiro. Ao longo de três anos, pretendemos atender, em todas as ações do projeto, o número de 180 crianças e adolescentes. O projeto tem o objetivo de promover o reconhecimento da cidadania e o exercício de direitos através da promoção da cultura de paz e da ampliação do universo artístico cultural, através de técnicas de animação.";NULL;NULL;NULL;NULL;NULL;http://www.cinemanosso.org.br/site/animaaqui/
"Cinema Nosso";06085782000195;Permanente;Cinemundo;" O VI Festival CineMundo é uma vitrine para novos realizadores de filmes e games, permitindo reconhecimento social e possibilitando a criação de novos horizontes de informação, cultura e pensamento.";NULL;NULL;NULL;NULL;NULL;http://www.cinemanosso.org.br/site/festival-cinemamudo/
"Cinema Nosso";06085782000195;Finalizado;"100 X 100 Brasil - 1a edição";" Desafio Socioambiental é uma maratona de 100 horas de oficinas e produção de filmes com a temática socioambiental. Além disso, também compõe em sua programação o Seminário e Mostra Brasil 3.0com mesas de debates e exibição dos filmes produzidos. Promover a integração entre projetos com vivências diferentes, mas todos com o foco em questões socioambientais, se utilizando da ferramenta audiovisual para produzir e levantar problemáticas.";NULL;NULL;NULL;14/03/2016;19/03/2016;http://www.cinemanosso.org.br/site/100-x-100-brasil/
"Cinema Nosso";06085782000195;Permanente;"Pontão de Arroios";" Uma iniciativa do Cinema Nosso, com foco na comunicação e cultura digital, para o desenvolvimento de ações de integração, articulação e formação junto a Rede de Pontos do município. O Cinema Nosso é um Pontão de Cultura através de edital com a Prefeitura do Rio de Janeiro. No caso, trazer as mais variadas manifestações artísticas dos Pontos de Cultura para o mundo digital. Tornar maior e mais rica a propagação da cultura nos novos tempos tecnológicos.";NULL;NULL;NULL;NULL;NULL;http://www.cinemanosso.org.br/site/pontao-arroios/
"Cinema Nosso";06085782000195;Permanente;"Oficinas de Formação";"As oficinas livres são pequenos laboratórios para alunos, educadores do Cinema Nosso e outras organizações populares, voluntários e jovens realizadores. Além disso, é uma oportunidade para os alunos dos cursos regulares terem contato com outras referências e diferentes profissionais de diversos segmentos do audiovisual. Projetos Transmídia, Cinema de Poesia e Cinema Experimental são alguns exemplos de oficinas livres que já aconteceram no Cinema Nosso.";NULL;NULL;NULL;NULL;NULL;http://www.cinemanosso.org.br/site/oficinas/
"Cinema Nosso";06085782000195;Permanente;"Produtora Escola";" Gestão de Carreiras em Audiovisual funciona como uma empresa júnior e é supervisionada por alguns nomes de referência da área audiovisual, permitindo a aproximação dos jovens à realidade do mercado de trabalho, tanto na rotina de um escritório como no desenvolvimento de produções mais elaboradas. São realizados filmes autorais, através de projetos patrocinados e institucionais para o mercado. Sua metodologia recebeu o Prêmio de Fomento a Iniciativas Empreendedoras e Inovadoras em Economia Criativa do Ministério da Cultura do Brasil em 2012.";NULL;NULL;NULL;NULL;NULL;http://www.cinemanosso.org.br/site/produtora-escola/
"Instituto de Desenvolvimento Estudo e Integração pela Animação";05596539000179;Permanente;"Anima Fórum";" Ponto de convergência dos profissionais brasileiros e estrangeiros interessados no aprimoramento e desenvolvimento pela animação brasileira. Fórum de notícias, oportunidades, palestrar, animações e encontro de negócios.";NULL;NULL;NULL;NULL;NULL;http://www.animamundi.com.br/pt/anima-forum/
"Instituto de Desenvolvimento Estudo e Integração pela Animação";05596539000179;Permanente;"Programa Anima Mundi";"O Anima Mundi Brasil é um programa realizado com curadoria do Anima Mundi e exibido no Canal Brasil. Ele reúne o que há de curioso e instigante produzido recentemente pelos animadores do país e exibido no Festival Anima Mundi.";NULL;NULL;NULL;NULL;NULL;http://www.animamundi.com.br/pt/anima-mundi-brasil/
"Instituto de Desenvolvimento Estudo e Integração pela Animação";05596539000179;Permanente;"Anima Escola Itinerante";"Com o patrocínio da IBM Brasil através da Lei de Incentivo à Cultura, o Anima Escola está levando cursos para professores de redes municipais de diferentes localidades do Brasil. Em 2013 o Anima Escola itinerante aconteceu em Juiz de Fora (MG), Macaé (RJ) e Sorocaba (SP).";NULL;NULL;NULL;NULL;NULL;http://www.animaescola.com.br/br/projetos
"Instituto de Desenvolvimento Estudo e Integração pela Animação";05596539000179;Permanente;"Anima Escola nas Escolas Municipais do Rio de Janeiro";"Uma parceria entre o Anima Escola e a Secretaria Municipal do Rio de Janeiro há 12 anos leva anualmente cursos para professores e alunos e oficinas de animação para alunos da rede. Mais de dois mil professores já foram capacitados e cerca de treze mil alunos atendidos. Os professores capacitados nos anos anteriores inscrevem projetos para a Produção Autônoma de Filmes de Animação, quando passam a realizar filmes com seus alunos na escola contando com o apoio da equipe do Anima Escola. Parceria tão longa rende bons frutos e hoje identificamos na rede professores que criaram núcleos de animação em suas escolas e que não pararam mais de produzir com seus alunos.";NULL;NULL;NULL;NULL;NULL;http://www.animaescola.com.br/br/projetos
"Instituto de Imagem e Cidadania Rio de Janeiro";03808720000176;Permanente;"Sobrado Cultural de Bom Jardim";"Desenvolve ações de educação, cultura e comunicação";NULL;NULL;NULL;NULL;NULL;http://imagemcidadania.blogspot.com.br/p/historia.html
"Instituto Net Claro Embratel";04521945000100;Permanente;Educonex@o;"Nosso curso de educação a distância tem como objetivo formar professores para o uso das tecnologias digitais, favorecendo o processo de ensino e aprendizagem. Desenvolvido em parceria com o Instituto Crescer, o programa é embasado nos quatro pilares da UNESCO: Aprender a ser, Conviver, Conhecer e Fazer.";"Grupo América Móvil";NULL;NULL;NULL;NULL;https://www.institutoclaro.org.br/nossos_projetos/
"Instituto Net Claro Embratel";04521945000100;Permanente;"Embratel Claro Educação";" Colaboramos com a melhoria da qualidade do ensino disponibilizando recursos tecnológicos e projetos socioeducativos que possam aprimorar o processo de ensino e aprendizagem. Hoje, o projeto Embratel Claro Educação está presente em oito estados brasileiros: Amazonas, Bahia, Goiás, Maranhão, Minas Gerais, Pernambuco, Rio de Janeiro e Tocantins.";"Grupo América Móvil";NULL;NULL;NULL;NULL;https://www.institutoclaro.org.br/nossos_projetos/
"Instituto Net Claro Embratel";04521945000100;Permanente;"NET Educação";"Nosso portal é direcionado aos professores e à comunidade escolar. Nele estão disponíveis, gratuitamente, conteúdos de interesse educacional, como planos de aula, objetos de aprendizagem, vídeos, áudios, jogos, notícias, entrevistas e reportagens. O objetivo do portal é oferecer informações e recursos que possam complementar o processo de ensino e aprendizagem, além de estimular a troca de conhecimento entre os internautas.";"Grupo América Móvil";NULL;NULL;NULL;NULL;https://www.institutoclaro.org.br/nossos_projetos/
"Instituto Net Claro Embratel";04521945000100;Permanente;"Programa Dupla Escola";"Em parceria com a Secretaria de Educação do Estado do Rio de Janeiro e com a Fundação Xuxa Meneghel, o Programa Dupla Escola é a primeira instituição de ensino médio pública do modelo integral e integrado à formação técnico-profissionalizante em telecomunicações. Inaugurado em 2014 em Guaratiba, o Colégio Estadual Hebe Camargo possui quatro laboratórios técnico eletrônicos e um acervo de conteúdo específico das disciplinas de telecomunicações para a biblioteca escolar oferecidos pelo Instituto Embratel Claro.";"Grupo América Móvil";NULL;NULL;NULL;NULL;https://www.institutoclaro.org.br/nossos_projetos/
"Instituto Tamanduá Synapse Cultural";07579027000120;Finalizado;"Portas Curtas";"Foi inaugurado em 26 de agosto de 2002 com o desafio de resgatar e catalogar a produção brasileira de 1500 curtas-metragens desde meados da década de 80, e propiciar a exibição gratuita de filmes, na íntegra, via Internet. Atualmente, o site disponibiliza mais de mil curtas para exibição on-line, entre os mais de sete mil catalogados.Mais informações no portal do projeto Portas Curtas http://www.portacurtas.org.br.";"Ministério da Cultura";"Lei 8.313/91 (Rouanet) - Federal";NULL;"15/12/2008 ";14/12/2009;http://institutotamandua.org.br/projetotamandua/book_tamandua_web_040310.pdf
"Instituto Tamanduá Synapse Cultural";07579027000120;Finalizado;"Tamanduá Editorial";"Pretende acompanhar o setor editorial no seu caminho natural – o da catalografia –, mas de maneira a promover sua inserção em uma nova realidade: a da inclusão cultural e digital. Em outras palavras, não basta ter bases de dados e bibliotecários trabalhando nas trincheiras do sistema; é preciso torná-lo utilizável por todos (através de interfaces amigáveis) e conectá-lo aos outros setores da produção cultural brasileira.";"Ministério da Cultura";"Lei 8.313/91 (Rouanet) - Federal";NULL;"15/12/2005 ";14/06/2007;http://institutotamandua.org.br/editorial.htm
"Instituto Tamanduá Synapse Cultural";07579027000120;NULL;"Tamanduá Artes Plásticas";"(Texto não informado)";NULL;NULL;NULL;NULL;NULL;http://institutotamandua.org.br/projetos_em_captacao.htm
"Instituto Tamanduá Synapse Cultural";07579027000120;Finalizado;"Tamanduá da Dança Brasileira";"É necessário criar a memória sobre a Dança no Brasil para que, no momento adequado, recupere-se o dado se estabeleçam possíveis relações entre informações armazenadas. São muitas as funções desta rede, entre elas pode-se destacar a produção de dados estatísticos, o acompanhamento das informações geográficas, a estruturação e implantação de rede de intercâmbio, a documentação e disseminação de informações e saneamento das dificuldades encontradas para pesquisa e divulgação da Dança. Inicialmente, o portal fará o levantamento de 1.500 montagens realizadas no país nos últimos 5 anos. Produtores culturais, Companhias de Dança e pesquisadores terão acesso a uma senha para poderem incluir informações sobre espetáculos ainda não incluídos no site e dados sobre novas produções. Assim, haverá uma atualização constante das informações por parte da classe artística, o que garantirá   uma amplitude maior dos dados incluídos.";"Ministério da Cultura";"Lei 8.313/91 (Rouanet) - Federal";NULL;13/07/2006;19/01/2007;http://institutotamandua.org.br/danca.htm
"Instituto Tamanduá Synapse Cultural";07579027000120;Finalizado;"Tamanduá Teatro Brasileiro";"Criar um portal que centralize as informações sobre as montagens teatrais, os textos de dramaturgos brasileiros e a atividade das companhias de teatro, a partir do conceito de inclusão digital. É necessário facilitar o acesso à informação para romper a barreira do saber/poder identificada pelo diretor Eduardo Wotzik. A centralização das informações num único lugar permite, também, a democratização do conhecimento, uma vez que para recolher dados dispersos em várias páginas da internet é necessário ficar muito mais tempo on-line, contribuindo para o aumento dos gastos de quem busca saber mais sobre um ator, um período da história do teatro ou uma montagem específica.";"Ministério da Cultura";"Lei 8.313/91 (Rouanet) - Federal";NULL;"16/12/2005 ";15/06/2007;http://institutotamandua.org.br/teatro.htm
"Instituto Tamanduá Synapse Cultural";07579027000120;Finalizado;"Tamanduá Fonográfico";"O objetivo é suprir a carência de informações organizadas sobre a célula da indústria musical, o fonograma, através de um banco de dados virtual com informações completas relativas à música brasileira, como, por exemplo, músicos que participaram de determinadas gravações e instrumentos que eles tocaram, produtores musicais, estúdio de gravação, composições, editoras responsáveis pelos direitos, intérpretes, letras da canções (com buscas por palavras ou frases), gravadoras, CDs nos quais tais fonogramas estão ou informações relativas ao CD (como capista, a gravadora).";"Ministério da Cultura";"Lei 8.313/91 (Rouanet) - Federal";NULL;" 16/12/2005 ";15/06/2007;http://institutotamandua.org.br/musica.htm
"Instituto Tamanduá Synapse Cultural";07579027000120;Permanente;"Tamanduá Audiovisual";"A criação de um serviço para catalogação e pesquisa on-line da produção audiovisual brasileira é urgente e necessária. A implantação do projeto  terá conseqüências diretas em diversos níveis.";"Ministério da Cultura";"Lei 8.313/91 (Rouanet) - Federal";NULL;"15/12/2005 ";24/01/2007;http://institutotamandua.org.br/audiovisual.htm
"Associação de Cultura e Meio Ambiente";05977454000130;"Proposta/Plano de Trabalho Cadastrados";NULL;"Realizar na cidade do Rio de Janeiro, de 13 a 24 de novembro de 2008 (Mês da Consciência Negra), o II Encontro de Cinema Negro – Brasil/África/América Latina, composta de exibição de filmes nacionais, africanos e Latino Americanos, aberto ao público em geral em espaços distintos:  Cine Odeon, Centro Cultural Justiça Federal, Tenda na Lapa, Espaço Tom Jobim – Cultura e Meio Ambiente no Jardim Botânico do Rio de Janeiro e Tenda em Nova Iguaçu.    Em 2008, haverá uma maior capilaridade do Encontro de Cinema Negro Brasil África, ampliando no Rio de Janeiro as sessões de cinema em praça publica que em 2007 aconteceram nos Arcos da Lapa, desta vez com a montagem de uma Tenda em Nova Iguaçu.<p>    Estender os convites internacionais para América Latina (Colômbia, Venezuela e Cuba).    A partir da experiência do I Encontro de Cinema Negro Brasil África ampliar e fortificar esta ação através da continuidade da relação com cineastas Africanos como Mansour Sora Wade (Senegal) e trazer também Abderrahmane Sissako (importante cineasta da Mauritânia que mora em Paris), com seu filme Bamako, Apolline Traore (Bukina Faso), Angele Diabang Brenner (Senegal), Mansour Sora Wade (Senegal), Rigoberto Lopez (Cuba), Derby Arboleda (Colômbia), e Gerardo Maloney (Panamá) estendendo os convites Internacionais para America Latina.   Pretendemos convidar também o Diretor Geral do FESPACO – Festival Pan-africano de Cinema de Ouagadogou – Burkina Faso, Sr. Michel Ouedraogo.     Neste ano de 2008, privilegiaremos os jovens cineastas de todo o Brasil e suas novas produções, escolhendo  “CURTAS NOVISSIMOS”.<p>  Filmes curtas metragens de 5 a 15 minutos cada, produzidos por alunos de escolas e cursos de cinema para jovens que pensam no cinema como forma de inclusão no mercado de trabalho, (Projetos como o de Antonio Pitanga, CUFA, CIDAN, AFRO REGGAE, Cinema Nosso, Cine Maneiro, Observatório de Favelas).  Já contamos com o apoio do Consulado Geral da França no Rio de Janeiro, com mais 10 filmes do FESPACO – Festival Pan-africanos de Cinema de Ouagadogou – BurkinaFaso legendados em Português..  Teremos também filmes curtas metragens africanos, de ficção, animação e contos.    Objetivos específicos:    Os objetivos devem ser expostos de maneira clara e sucinta. Devem expressar o(s) resultado(s) que se pretende atingir, o(s) produto(s) final(is) a ser(em) alcançado(s), período e local da realização.<p> Um projeto pode ter mais de um objetivo, mencione todos.  - Realizar no Rio de Janeiro a II Encontro de Cinema Negro/Brasil/África/América Latina, de 10 a 28 de novembro, com um olhar afro descendente no Cine Odeon na Cinelandia, Centro Cultural Justiça Federal, Tenda na Lapa e Tenda em Nova Iguaçu.  - Reunir diretores brasileiros, Africanos e Latinos Americanos.  - Troca de experiência com matrizes africanas através de cursos e oficinas com os convidados africanos e Latinos Americanos que virão ao evento.   - Realizar 4 dias de seminário após a mostra para solidificar conteúdo no Centro Afro Carioca de Cinema , Odeon e Centro Cultural Justiça Federal.   - Realizar sessões de cinema ao ar livre na Lapa (RJ) – 17 e 18 de novembro.   - Realizar sessões de cinema na Baixada Fluminense – Nova Iguaçu – 24 de novembro.   - Formar agentes multiplicadores a partir de equipe contratada para gerar conteúdo dos seminários e mesas redondas.   - Formação de platéia.  - Registro do evento para distribuir pelo Brasil, para Ongs, Escolas de cinema e comunidades.  - Ampliar a distribuição dos filmes realizados por cineastas Afro descendentes..  - Possibilitar mostras em outros Estados  - Possibilitar relações internacionais para os cineastas afro descendentes   - Contribuir com a Lei 10.639/2003 através de contratação de transporte para 400 adolescentes de escolas municipais e estaduais (10 ônibus) para assistirem sessões de cinema.  - Este projeto esta sendo elaborado com a intenção de contribuir com a política desenvolvida pela Fundação Cultural Palmares – Minc de aproximação da Cultura Afro Latina, visando o intercambio internacional e geração de conhecimento mútuo.  - Realizar uma vinheta poética em homenagem ao Centenário do nascimento de Solano Trindade.";"Fundação Cultural Palmares";NULL;"CONTRATO DE REPASSE";27/10/2008;28/02/2009;NULL
"Associação de Cultura e Meio Ambiente";05977454000130;"Proposta/Plano de Trabalho Cadastrados";NULL;"Realizar na cidade do Rio de Janeiro, de 13 a 24 de novembro de 2008 (Mês da Consciência Negra), o II Encontro de Cinema Negro – Brasil/África/América Latina, composta de exibição de filmes nacionais, africanos e Latino Americanos, aberto ao público em geral em espaços distintos:  Cine Odeon, Centro Cultural Justiça Federal, Tenda na Lapa, Espaço Tom Jobim – Cultura e Meio Ambiente no Jardim Botânico do Rio de Janeiro e Tenda em Nova Iguaçu.    Em 2008, haverá uma maior capilaridade do Encontro de Cinema Negro Brasil África, ampliando no Rio de Janeiro as sessões de cinema em praça publica que em 2007 aconteceram nos Arcos da Lapa, desta vez com a montagem de uma Tenda em Nova Iguaçu.<p>    Estender os convites internacionais para América Latina (Colômbia, Venezuela e Cuba).    A partir da experiência do I Encontro de Cinema Negro Brasil África ampliar e fortificar esta ação através da continuidade da relação com cineastas Africanos como Mansour Sora Wade (Senegal) e trazer também Abderrahmane Sissako (importante cineasta da Mauritânia que mora em Paris), com seu filme Bamako, Apolline Traore (Bukina Faso), Angele Diabang Brenner (Senegal), Mansour Sora Wade (Senegal), Rigoberto Lopez (Cuba), Derby Arboleda (Colômbia), e Gerardo Maloney (Panamá) estendendo os convites Internacionais para America Latina.   Pretendemos convidar também o Diretor Geral do FESPACO – Festival Pan-africano de Cinema de Ouagadogou – Burkina Faso, Sr. Michel Ouedraogo.     Neste ano de 2008, privilegiaremos os jovens cineastas de todo o Brasil e suas novas produções, escolhendo  “CURTAS NOVISSIMOS”.<p>  Filmes curtas metragens de 5 a 15 minutos cada, produzidos por alunos de escolas e cursos de cinema para jovens que pensam no cinema como forma de inclusão no mercado de trabalho, (Projetos como o de Antonio Pitanga, CUFA, CIDAN, AFRO REGGAE, Cinema Nosso, Cine Maneiro, Observatório de Favelas).  Já contamos com o apoio do Consulado Geral da França no Rio de Janeiro, com mais 10 filmes do FESPACO – Festival Pan-africanos de Cinema de Ouagadogou – BurkinaFaso legendados em Português..  Teremos também filmes curtas metragens africanos, de ficção, animação e contos.    Objetivos específicos:    Os objetivos devem ser expostos de maneira clara e sucinta. Devem expressar o(s) resultado(s) que se pretende atingir, o(s) produto(s) final(is) a ser(em) alcançado(s), período e local da realização.<p> Um projeto pode ter mais de um objetivo, mencione todos.  - Realizar no Rio de Janeiro a II Encontro de Cinema Negro/Brasil/África/América Latina, de 10 a 28 de novembro, com um olhar afro descendente no Cine Odeon na Cinelandia, Centro Cultural Justiça Federal, Tenda na Lapa e Tenda em Nova Iguaçu.  - Reunir diretores brasileiros, Africanos e Latinos Americanos.  - Troca de experiência com matrizes africanas através de cursos e oficinas com os convidados africanos e Latinos Americanos que virão ao evento.   - Realizar 4 dias de seminário após a mostra para solidificar conteúdo no Centro Afro Carioca de Cinema , Odeon e Centro Cultural Justiça Federal.   - Realizar sessões de cinema ao ar livre na Lapa (RJ) – 17 e 18 de novembro.   - Realizar sessões de cinema na Baixada Fluminense – Nova Iguaçu – 24 de novembro.   - Formar agentes multiplicadores a partir de equipe contratada para gerar conteúdo dos seminários e mesas redondas.   - Formação de platéia.  - Registro do evento para distribuir pelo Brasil, para Ongs, Escolas de cinema e comunidades.  - Ampliar a distribuição dos filmes realizados por cineastas Afro descendentes..  - Possibilitar mostras em outros Estados  - Possibilitar relações internacionais para os cineastas afro descendentes   - Contribuir com a Lei 10.639/2003 através de contratação de transporte para 400 adolescentes de escolas municipais e estaduais (10 ônibus) para assistirem sessões de cinema.  - Este projeto esta sendo elaborado com a intenção de contribuir com a política desenvolvida pela Fundação Cultural Palmares – Minc de aproximação da Cultura Afro Latina, visando o intercambio internacional e geração de conhecimento mútuo.  - Realizar uma vinheta poética em homenagem ao Centenário do nascimento de Solano Trindade.";"Fundação Cultural Palmares";NULL;"CONTRATO DE REPASSE";27/10/2008;27/02/2009;NULL
"Associação de Cultura e Meio Ambiente";05977454000130;"Proposta/Plano de Trabalho Aprovados";NULL;"Realizar na cidade do Rio de Janeiro, de 13 a 24 de novembro de 2008 (Mês da Consciência Negra), o II Encontro de Cinema Negro – Brasil/África/América Latina, composta de exibição de filmes nacionais, africanos e Latino Americanos, aberto ao público em geral em espaços distintos: Cine Odeon, Centro Cultural Justiça Federal, Tenda na Lapa, Espaço Tom Jobim – Cultura e Meio Ambiente no Jardim Botânico do Rio de Janeiro e Tenda em Nova Iguaçu, reunindo diretores brasileiros africanos e latinos americanos   ESTIMATIVA DE PUBLICO  - 10.000 pessoas";"Fundação Cultural Palmares";NULL;CONVENIO;14/11/2008;30/11/2008;NULL
"Associação de Cultura e Meio Ambiente";05977454000130;"Prestação de Contas Rejeitada";NULL;"Incentivar o Intercmbio Cultural  Brasil frica Amrica latina atravs de intercmbio entre cineastas afro-descendentes do Brasil, da frica e da Amrica latina , para conhecimento mtuo, divulgao de obras e iniciativas e em atendimento s demandas apresentadas no I Encontro de Cinema Negro Brasil frica, incluindo dentro da programao do II Encontro de Cinema Brasil/frica Amrica Latina e oficinas, efetuar o registro fotogrfico e videogrfico de todo os eventos, para produo de documentrio, colaborando assim com a poltica governamental de incluso racial, de intercmbio  cultural  com frica, como  tambm contribuir com material  que poder ser disponibilizado para o estudo da histria e cultura africana e afro-brasileira.  O projeto  Oficinas e Mostras de Cinema Negro Brasil /frica/Amrica Latina visa promover o debate sobre CINEMA NEGRO de forma abrangente, com representantes de vrias partes do Pas, propiciando a troca de experincias entre os diretores pioneiros e novos talentos.";"Ministério da Justiça";NULL;CONVENIO;18/11/2008;31/03/2009;NULL
"Associação de Cultura e Meio Ambiente";05977454000130;"Proposta/Plano de Trabalho Cadastrados";NULL;"Realizar na cidade do Rio de Janeiro, novembro de 2008 (Ms da Conscincia Negra), O II Encontro de Cinema Negro  Brasil/frica/Amrica Latina, composto de exibio de filmes nacionais, africanos e Latino Americanos, aberto ao pblico em geral em espaos distintos: Cine Odeon, Centro Cultural Justia Federal, Tenda na Lapa, Espao Tom Jobim  Cultura e Meio Ambiente no Jardim Botnico do Rio de Janeiro e Tenda em Nova Iguau.    A partir da experincia do I Encontro de Cinema Negro Brasil frica ampliar e fortificar esta ao atravs da continuidade da relao com cineastas Africanos como Mansour Sora Wade (Senegal) e trazer tambm Abderrahmane Sissako (importante cineasta da Mauritnia que mora em Paris), com seu filme Bamako, Apolline Traore (Bukina Faso), Angele Diabang Brenner (Senegal), Mansour Sora Wade (Senegal), Rigoberto Lopez (Cuba) e Derby Arboleda (Colmbia), estendendo os convites Internacionais para America Latina.<p>     Em 2008, haver uma maior capilaridade do Encontro de Cinema Negro Brasil frica, ampliando no Rio de Janeiro as sesses de cinema em praa publica que em 2007 aconteceram nos Arcos da Lapa, desta vez tambm com a montagem de uma Tenda em Nova Iguau e estendendo para a Zona Sul no Espao Tom Jobim  Cultura e Meio Ambiente no Jardim Botnico no Rio de Janeiro.    Convidaremos tambm o Diretor Geral do FESPACO  Festival Pan-africano de Cinema de Ouagadogou  Burkina Faso, Sr. Michel Ouedraogo, importante Festival Bienal de cinema na frica onde as exibies so feitas em praas publicas e estdios de futebol.    TENDAS  A importncia das tendas montadas com Grandes Telas para projeo, Cadeiras e decorao apropriada, estimulam o Cinema ao ar livre que atinge um publico grande e desperta interesse nos que nunca foram a salas de exibio.    Teremos filmes curtas metragens africanos, de fico, animao e contos.  Privilegiaremos todos os filmes brasileiros de Cineastas pioneiros. <p>   Privilegiaremos os jovens cineastas de todo o Brasil e suas novas produes, escolhendo CURTAS NOVISSIMOS e tambm filmes curtas metragens de 5 a 15 minutos cada, produzidos por alunos de escolas e cursos de cinema para jovens que pensam no cinema como forma de incluso no mercado de trabalho, (Projetos como Viajando na Telinha de Antonio Pitanga, CUFA, CIDAN, AFRO REGGAE, Cinema Nosso, Cine Maneiro, Observatrio de Favelas). <p>   J contamos com o apoio: <p> 	Consulado Geral da Frana no Rio de Janeiro, com mais 10 filmes do FESPACO  Festival Pan-africanos de Cinema de Ouagadogou  BurkinaFaso legendados em Portugus.  <br> 	Cine Odeon - BR<p>  	Centro Cultural Justia Federal,<p> 	Governo do Estado do Rio de Janeiro  Conselho Estadual do Negro.<p>  	SECRETARIA ESPECIAL DE POLTICAS DE PROMOO DA IGUALDADE RACIAL - SEPPIR     Patrocnio  Fundao Cultural Palmares  Minc.    <p>O impacto social do projeto para o pblico alvo ser a aquisio de novos conhecimentos, a oportunidade de participar de intercmbio internacional, melhoria da auto estima, quanto  melhoria das polticas pblicas para afro-descendentes  j est sendo verificada na medida em que organismos governamentais encontram-se envolvidos na proposta e a demanda de novas polticas ou melhoria das existentes se dar atravs das demandas apresentadas como resultado das discusses das oficinas e seminrios.    <p>O Intercmbio Brasil frica Amrica latina, j faz parte das aes estratgicas do atual Governo, assim como a incluso e capacitao de afro-descendentes.  Na medida em que se solidificam as parcerias j envolvidas ao projeto estamos garantindo uma estrutura bsica de recursos humanos para a continuao das atividades atravs o Centro Afro Carioca de Cinema, iniciativa do Cineasta Zzimo Bulbul, idealizador do presente projeto que j mantm com recursos prprios uma pequena sala de cinema que faz atividades mensais e oportuniza  estudantes e estagirios o conhecimento em cinema negro, priorizando os estudantes carentes da poltica educacional de cotas.";"Ministério da Cultura";NULL;CONVENIO;01/11/2008;31/12/2008;NULL
"Associação de Cultura e Meio Ambiente";05977454000130;"Prestação de Contas Aprovada com Ressalvas";NULL;"Realizar na cidade do Rio de Janeiro, novembro de 2008 (Ms da Conscincia Negra), O II Encontro de Cinema Negro  Brasil/frica/Amrica Latina, composto de exibio de filmes nacionais, africanos e Latino Americanos, aberto ao pblico em geral em espaos distintos: Cine Odeon, Centro Cultural Justia Federal, Tenda na Lapa, Espao Tom Jobim  Cultura e Meio Ambiente no Jardim Botnico do Rio de Janeiro e Tenda em Nova Iguau.    A partir da experincia do I Encontro de Cinema Negro Brasil frica ampliar e fortificar esta ao atravs da continuidade da relao com cineastas Africanos como Mansour Sora Wade (Senegal) e trazer tambm Abderrahmane Sissako (importante cineasta da Mauritnia que mora em Paris), com seu filme Bamako, Apolline Traore (Bukina Faso), Angele Diabang Brenner (Senegal), Mansour Sora Wade (Senegal), Rigoberto Lopez (Cuba) e Derby Arboleda (Colmbia), estendendo os convites Internacionais para America Latina.<p>     Em 2008, haver uma maior capilaridade do Encontro de Cinema Negro Brasil frica, ampliando no Rio de Janeiro as sesses de cinema em praa publica que em 2007 aconteceram nos Arcos da Lapa, desta vez tambm com a montagem de uma Tenda em Nova Iguau e estendendo para a Zona Sul no Espao Tom Jobim  Cultura e Meio Ambiente no Jardim Botnico no Rio de Janeiro.    Convidaremos tambm o Diretor Geral do FESPACO  Festival Pan-africano de Cinema de Ouagadogou  Burkina Faso, Sr. Michel Ouedraogo, importante Festival Bienal de cinema na frica onde as exibies so feitas em praas publicas e estdios de futebol.    TENDAS  A importncia das tendas montadas com Grandes Telas para projeo, Cadeiras e decorao apropriada, estimulam o Cinema ao ar livre que atinge um publico grande e desperta interesse nos que nunca foram a salas de exibio.    Teremos filmes curtas metragens africanos, de fico, animao e contos.  Privilegiaremos todos os filmes brasileiros de Cineastas pioneiros. <p>   Privilegiaremos os jovens cineastas de todo o Brasil e suas novas produes, escolhendo CURTAS NOVISSIMOS e tambm filmes curtas metragens de 5 a 15 minutos cada, produzidos por alunos de escolas e cursos de cinema para jovens que pensam no cinema como forma de incluso no mercado de trabalho, (Projetos como Viajando na Telinha de Antonio Pitanga, CUFA, CIDAN, AFRO REGGAE, Cinema Nosso, Cine Maneiro, Observatrio de Favelas). <p>   J contamos com o apoio: <p> 	Consulado Geral da Frana no Rio de Janeiro, com mais 10 filmes do FESPACO  Festival Pan-africanos de Cinema de Ouagadogou  BurkinaFaso legendados em Portugus.  <br> 	Cine Odeon - BR<p>  	Centro Cultural Justia Federal,<p> 	Governo do Estado do Rio de Janeiro  Conselho Estadual do Negro.<p>  	SECRETARIA ESPECIAL DE POLTICAS DE PROMOO DA IGUALDADE RACIAL - SEPPIR     Patrocnio  Fundao Cultural Palmares  Minc.    <p>O impacto social do projeto para o pblico alvo ser a aquisio de novos conhecimentos, a oportunidade de participar de intercmbio internacional, melhoria da auto estima, quanto  melhoria das polticas pblicas para afro-descendentes  j est sendo verificada na medida em que organismos governamentais encontram-se envolvidos na proposta e a demanda de novas polticas ou melhoria das existentes se dar atravs das demandas apresentadas como resultado das discusses das oficinas e seminrios.    <p>O Intercmbio Brasil frica Amrica latina, j faz parte das aes estratgicas do atual Governo, assim como a incluso e capacitao de afro-descendentes.  Na medida em que se solidificam as parcerias j envolvidas ao projeto estamos garantindo uma estrutura bsica de recursos humanos para a continuao das atividades atravs o Centro Afro Carioca de Cinema, iniciativa do Cineasta Zzimo Bulbul, idealizador do presente projeto que j mantm com recursos prprios uma pequena sala de cinema que faz atividades mensais e oportuniza  estudantes e estagirios o conhecimento em cinema negro, priorizando os estudantes carentes da poltica educacional de cotas.";"Ministério da Cultura";NULL;CONVENIO;02/12/2008;30/01/2009;NULL
"Associação de Cultura e Meio Ambiente";05977454000130;"Proposta Aprovada e Plano de Trabalho em Complementação";NULL;"Instalar 30 Pontos de Cultura Indígena nos estados do Acre, Amazonas, Mato Grosso, Rondônia e Roraima.";"Fundação Nacional do Índio";NULL;"TERMO DE PARCERIA";31/12/2008;31/12/2010;NULL
"Associação de Cultura e Meio Ambiente";05977454000130;"Proposta/Plano de Trabalho Cadastrados";NULL;"Instalar 30 Pontos de Cultura Indígena nos estados do Acre, Amazonas, Mato Grosso, Rondônia e Roraima.";"Fundação Nacional do Índio";NULL;"TERMO DE PARCERIA";01/01/2009;31/12/2010;NULL
"Associação de Cultura e Meio Ambiente";05977454000130;"Proposta/Plano de Trabalho Cadastrados";NULL;"Realizar no Rio de Janeiro o III Encontro de Cinema Negro Brasil/África e Américas (Central e do Norte), com curadoria de Zózimo Bulbul, organizada através de um olhar afro descendente, com a finalidade de trazer a sabedoria da África, rompendo a lacuna existente até hoje e visando aproximação com as Américas Central e do Norte. Com exibição de filmes nacionais, africanos,  Latinos e Americanos, aberto ao público em geral em espaços distintos:  Cine Odeon, Centro Cultural Justiça Federal, Tenda na Lapa, Espaço Tom Jobim – Cultura e Meio Ambiente no Jardim Botânico do Rio de Janeiro e Tenda na Baixada Fluminense. • Trazer através do Sr. Guy Desire Yameogo Diretor do Fespaco – Festival de Cinema Panafricano de Ouagadougou – Burkina Faso, 3 diretores premiados no Fespaco/2009 e 8 filmes escolhidos em conjunto pela curadoria do Fespaco, e mais 3 diretores Africanos dando seqüência a parceria estabelecida no II Encontro de Cinema Negro Brasil África America Latina.. • Convidaremos 4 Cineastas do Caribe indicados por Rigoberto Lopez, Presidente da Mostra de Cinema Itinerante do Caribe  • Convidaremos também 4 diretores EUA, curadoria de Zózimo Bulbul e Reinaldo Barroso, cubano residente em N.Y e diretor do American Diáspora Festival. • Ampliar a possibilidade de mais produções realizadas por Cineastas Afro descendentes. • Ampliar a distribuição dos filmes realizados por cineastas Afro descendentes no país. • Divulgação  de Burkina Faso, palco do maior Festival de Cinema Africano em sua 21ª Edição em 2009 – FESPACO – Festival Pan Americano de Cinema de Ouagodogou –  pouco conhecido no Brasil. • No III Encontro de Cinema Negro Brasil África e Américas (Central e do Norte), homenagearemos como nas outras edições do Encontro de Cinema Negro o FESPACO e também o cineasta americano Saint Claire Bourne em parceria com American Festival Diaspora Filmakers com mostra de 6 de seus filmes. • Este Encontro de cinema pretende Divulgar a importância da influencia Africana para a formação da Identidade da Cultura Brasileira. • Aproximar as semelhanças e diferenças dos afro descendentes  nas Américas. • Promover o encontro e a troca de experiência de gerações distintas mostrando obras pioneiras aontemporaneas. • Mostrar obras pioneiras e obras contemporâneas.  • Apresentar filmes com temáticas diversificadas africanas, brasileiras, caribenhas e americanas a partir deste olhar.  • Mostra de 6 filmes do Cineasta Americano Saint Claire Bourne. • Realizar 3 dias de seminário durante o Encontro de Cinema Negro Brasil/África/Américas Central e Norte, para solidificar conteúdo no Centro Afro Carioca de Cinema.";"Fundação Cultural Palmares";NULL;CONVENIO;01/05/2009;08/01/2010;NULL
"Associação de Cultura e Meio Ambiente";05977454000130;"Prestação de Contas Rejeitada";NULL;"Realizar de 09 a 19 de novembro deste ano no Rio de Janeiro o III Encontro de Cinema Negro Brasil/África e Américas (Central e do Norte), com curadoria de Zózimo Bulbul, organizada através de um olhar afro descendente, com a finalidade de trazer a sabedoria da África, rompendo a lacuna existente até hoje e visando aproximação com as Américas Central e do Norte. Com exibição de filmes nacionais, africanos,  Latinos e Americanos, aberto ao público em geral em espaços distintos:  Cine Odeon, Centro Cultural Justiça Federal, Tenda na Lapa e Cinelandi e Espaço Tom Jobim – Cultura e Meio Ambiente no Jardim Botânico do Rio de Janeiro. • Trazer através do Sr. Guy Desire Yameogo Diretor do Fespaco – Festival de Cinema Panafricano de Ouagadougou – Burkina Faso, 3 diretores premiados no Fespaco/2009 e 8 filmes escolhidos em conjunto pela curadoria do Fespaco, e mais 3 diretores Africanos dando seqüência a parceria estabelecida no II Encontro de Cinema Negro Brasil África America Latina.. • Convidaremos 3 Cineastas do Caribe indicados por Rigoberto Lopez, Presidente da Mostra de Cinema Itinerante do Caribe  • Convidaremos também 3 diretores EUA, curadoria de Zózimo Bulbul e Reinaldo Barroso, cubano residente em N.Y e diretor do American Diáspora Festival. • Divulgação  de Burkina Faso, palco do maior Festival de Cinema Africano em sua 21ª Edição em 2009 – FESPACO – Festival Pan Americano de Cinema de Ouagodogou –  pouco conhecido no Brasil, que em março deste ano teve a 1ª exibição de cineastas afro brasileiros. • No III Encontro de Cinema Negro Brasil África e Américas (Central e do Norte), homenagearemos como nas outras edições do Encontro de Cinema Negro o FESPACO e também o cineasta americano Saint Claire Bourne em parceria com American Festival Diaspora Filmakers com mostra de 4 de seus filmes. • Este Encontro de cinema pretende Divulgar a importância da influencia Africana para a formação da Identidade da Cultura Brasileira. • Aproximar as semelhanças e diferenças dos afro descendentes  nas Américas. • Promover o encontro e a troca de experiência de gerações distintas mostrando obras pioneiras contemporaneas. •  Apresentar filmes com temáticas diversificadas africanas, brasileiras, caribenhas e americanas a partir deste olhar.  • Mostra de 4 filmes do Cineasta Americano Saint Claire Bourne. • Desta forma pretendemos ampliar a possibilidade de mais produções realizadas por Cineastas Afro descendentes. • Ampliar a distribuição dos filmes realizados por cineastas Afro descendentes no país.";"Fundação Cultural Palmares";NULL;CONVENIO;09/11/2009;30/01/2010;NULL
"Associação de Cultura e Meio Ambiente";05977454000130;"Prestação de Contas em Análise";NULL;"Realizar no Rio de Janeiro 09 a 18 de novembro deste ano o III Encontro de Cinema Negro Brasil/África e Américas (Central e do Norte), com curadoria de Zózimo Bulbul, organizada através de um olhar afro descendente, com a finalidade de trazer a sabedoria da África, rompendo a lacuna existente até hoje e visando aproximação com as Américas Central e do Norte, com exibição de filmes, Africanos, Latinos e Americanos e Nacionais aberto ao público em geral em espaços distintos: Cine Odeon, Centro Cultural Justiça Federal, Tenda na Lapa, Espaço Tom Jobim – Cultura e Meio Ambiente no Jardim Botânico do Rio de Janeiro. <p> Incentivar o Intercâmbio Cultural  Brasil África e Américas através de intercâmbio entre cineastas afro-descendentes do Brasil, da Àfrica e das Américas , para conhecimento mútuo, divulgação de obras e iniciativas e em atendimento às demandas apresentadas no I Encontro de Cinema Negro Brasil África, incluindo dentro da programação do II Encontro de Cinema Brasil/África América Latina, oficinas e seminários, efetuar o registro fotográfico e videografico de todos os eventos para produção de documentário, colaborando assim com a política governamental de inclusão racial, de intercambio cultural com África, como também contribuir com material que poderá ser disponibilizado para o estudo da historia e cultura africana e Afro brasileira.   Seminários e Oficinas O projeto  “Seminários e Oficinas de Cinema Negro Brasil /África/Américas” visa promover o debate sobre “CINEMA NEGRO” de forma abrangente, com representantes de várias partes do País, e do Continente African e Latino Americano, proporcionando a troca de experiências entre os diretores pioneiros e novos talentos";"Ministério da Justiça";NULL;CONVENIO;09/11/2009;30/04/2010;NULL
"Associação de Cultura e Meio Ambiente";05977454000130;"Proposta/Plano de Trabalho Cadastrados";NULL;"APOIO AO III ENCONTRO DE CINEMA NEGRO BRASIL AFRICA E AMERICAS <p>•	Apoio, através de oficinas, à realização do o III Encontro de Cinema Negro Brasil/África e Américas dando continuidade a um projeto que vem se realizando desde 2007 e vem se tornando Referencia Internacional na discussão da posição, cidadania e valorização do olhar dos cineastas com descendência africana no mundo.<br>   •	Continuidade de um trabalho de conscientização, memória, incentivo a novos caminhos e aumento de auto estima, do conhecimento e da compreensão do mundo através da arte Cinematográfica no Centro Afro Carioca de Cinema. <br> •	Regulamentação das atividades que já são executadas, no Centro Afro Carioca de Cinema através da aplicação de oficinas de capacitação técnica , seminários, junto a jovens que visam novos interesses para inclusão no mercado de trabalho.   <p>NOSSAS METAS <p>•	A valorização da cultura e da arte afro brasileira através do cinema,  <br>•	Capacitação Cultural e Técnica no Aperfeiçoamento Profissional,  <br>•	O resgate da auto-estima das populações afro descendente,  <br>•	Desenvolver o conhecimento sobre a importância do cinema.  <br>•	Formação de platéia.  Duração	03 meses Período	De Setembro, outubro e novembro de 2009 Carga Horária –  Setembro - 10 horas/mês Outubro - 10 horas/mês Novembro - 20 horas/mês TOTAL:	40 horas de aula.";"Ministério da Cultura";NULL;CONVENIO;15/08/2009;29/01/2010;NULL
"Associação de Cultura e Meio Ambiente";05977454000130;"Aguardando Prestação de Contas";NULL;"Consolidar uma rede de Telecentros em 8 comunidades tradicionais indígenas do estado do Acre: 1-Comunidade Vila Restauração/ Escola Municipal- Rio Tejo - RESEX 2-Comunidade Vila Foz do Breu - Rio Juruá - RESEX 3-Foz do Bagé - Comunidade Novo Horizonte - Rio Bagé com Rio Tejo - RESEX 4-Comunidade Belfort - Rio Juruá - RESEX 5-Comunidade Boa Vista - Rio Juruá - PN 6-Comunidade Triunfo - Rio Juruá - RESEX 7-Ashaninka do Breu 8-Arara do Igarapé Humaitá que serão beneficiadas através o projeto com ações para preservação e fortalecimento dos valores culturais. <p> Permitir que estas comunidades tradicionais indígenas possam dispor com facilidade do uso de equipamentos tecnológicos do ponto de acesso á internet. Assegurar a formação de representantes das comunidades em multiplicadores em prospecção e promoção de produtos e serviços culturais sustentáveis, formação para uso e instalação de energia limpa( painéis fotovoltaicos) , treinamento para uso dos equipamentos de informática e em registro audio visual de bens culturais. Assegurar a produção,editoração e finalização de conteúdo cultural ressaltando os valores culturais dos povos da floresta em formato digital,como forma de fortalecer e ao mesmo tempo divulgar a identidade e diversidade cultural encontradas nessas comunidades, efetuar a gestão, monitoramento e avaliação das ações do projeto. Consolidar rede de parcerias já firmadas para a obtenção de antenas de sistema conectivo do Programa GESAC, doação de painéis fotovoltaicos e equipamentos de informática.";"Ministério da Cultura";NULL;CONVENIO;31/12/2009;11/02/2011;NULL
"Associação de Cultura e Meio Ambiente";05977454000130;"Proposta/Plano de Trabalho Cadastrados";NULL;"Consolidar uma rede de Telecentros em 8 comunidades tradicionais indígenas do estado do Acre: 1-Comunidade Vila Restauração/ Escola Municipal- Rio Tejo - RESEX 2-Comunidade Vila Foz do Breu - Rio Juruá - RESEX 3-Foz do Bagé - Comunidade Novo Horizonte - Rio Bagé com Rio Tejo - RESEX 4-Comunidade Belfort - Rio Juruá - RESEX 5-Comunidade Boa Vista - Rio Juruá - PN 6-Comunidade Triunfo - Rio Juruá - RESEX 7-Ashaninka do Breu 8-Arara do Igarapé Humaitá que serão beneficiadas através o projeto com ações para preservação e fortalecimento dos valores culturais. <p> Permitir que estas comunidades tradicionais indígenas possam dispor com facilidade do uso de equipamentos tecnológicos do ponto de acesso á internet. Assegurar a formação de representantes das comunidades em multiplicadores em prospecção e promoção de produtos e serviços culturais sustentáveis, formação para uso e instalação de energia limpa( painéis fotovoltaicos) , treinamento para uso dos equipamentos de informática e em registro audio visual de bens culturais. Assegurar a produção,editoração e finalização de conteúdo cultural ressaltando os valores culturais dos povos da floresta em formato digital,como forma de fortalecer e ao mesmo tempo divulgar a identidade e diversidade cultural encontradas nessas comunidades, efetuar a gestão, monitoramento e avaliação das ações do projeto. Consolidar rede de parcerias já firmadas para a obtenção de antenas de sistema conectivo do Programa GESAC, doação de painéis fotovoltaicos e equipamentos de informática.";"Ministério da Cultura";NULL;CONVENIO;20/12/2009;30/04/2010;NULL
"Associação de Cultura e Meio Ambiente";05977454000130;"Prestação de Contas enviada para Análise";NULL;"1.	Pretendemos produzir um Catalogo com entrevistas realizadas com cineastas africanos, griots, e políticos Africanos, na ocasião da Inauguração do Monumento da Renascença Africana em Fevereiro/2010. <br>2.	Pretendemos produzir um Catalogo com os temas discutidos nos Seminários que aconteceram nos Encontros de Cinema Negro Brasil África – 2008/2009/2010, selecionando os que mais se Destacaram. O publico que assistiu, reconhecem a importação do conteúdo e sugerir a divulgação para mais pessoas escolas etc.<br>  3.	Realizar no país de Burkina Faso durante o Fespaco – Festival Pan Africano de Cinema de Ouagadougou – fevereiro-Março, um curta metragem de 9 minutos dirigidos por 2 jovens cineastas e 2 técnicos, afro brasileiros convidados. <br> 4.	Produzir um Jornal com tiragem de 2 mil exemplares, com o objetivo de divulgar todos os eventos realizados durante o período do projeto.   <p>DESTAQUES DE NOSSO HISTORICO   FESPACO – MARÇO/2009 – BURKINA FASO  <p> O Centro Afro Carioca de Cinema foi responsável pela curadoria, captação de recursos para passagens internacionais junto ao Ministério das Relações Exteriores que apoiou o Intercambio com a cessão de 9 passagens aéreas Brasil x Burkina Faso x Brasil e uma importante divulgação através da criação e confecção de Catálogos, Banners e Folders da Mostra de Cineastas Afro Brasileiros – Fespaco – 2009 com patrocínio desta Secretaria o que sinalizou efetivamente a presença dos cineastas brasileiros neste Festival.  <p> 2009 - 9 Cineastas brasileiros convidados estiveram presentes a este Festival com suas obras: Zózimo Bulbul , Joel Zito Araujo, Flavio Leandro, Paulo Betti, Jeferson De, Carmen Luz, Ricardo Brasil, Rogério Moura e Viviane Ferreira.  2009 - Na Ocasião do III Encontro foi assinada pelos cineastas africanos presentes uma Carta/Recomendação em 3 idiomas  (Francês, Português e Inglês) endereçada a representantes do Poder Publico do Brasil, solicitando apoio a esta Ação de Cultura através do Cinema que reconecta relações  África e Brasil.<p>  2009 - Foi também assinado um compromisso mutuo entre o Encontro de Cinema Negro Brasil África e Caribe  idealizado por Zózimo Bulbul, com a Mostra Itinerante de Cinema do Caribe com presidência de Rigoberto Lopez.<p> 2010/abril – A convite do Governo do Senegal – Viagem a Dakar– Zózimo Bulbul e Biza Vianna. Apoio - Ministério das relações Exteriores com 2 passagens para equipe – Vânia Lima e Viviane Ferreira.<p>2010/novembro – IV Encontro de Cinema Negro Brasil África e Caribe – Presença de representantes do Governo do Senegal – Ministro da Diáspora – Amadou Lamine Faye e o 1º Vice Presidente da Assembléia Nacional do Senegal - Sr. Iba Der Thian. <p>2010/novembro – Visando aprofundar conteúdo e intercâmbio para próximo ano na cidade de Salvador, realizamos a Mostra (2 dias) com a presença de alguns cineastas:  Idriss Diabate – Costa do Marfim Mansour Sora Wade – Senegal Guenny Pires – Costa do Marfim Moussa Dieng – Canadá Leandre Alan – Senegal Jeferson De – São Paulo Akins Kinte – São Paulo Viviane Ferreira – São Paulo";"Secretaria de Políticas de Promoção da Igualdade Racial";NULL;CONVENIO;20/12/2010;27/11/2011;NULL
"Associação de Cultura e Meio Ambiente";05977454000130;"Proposta/Plano de Trabalho Rejeitados";NULL;"DVD REGISTRO E MEMORIA DOS ENCONTROS DE CINEMA NEGRO BRASIL AFRICA  2007/2008/2009/2010 O DVD duplo com filmes de Cineastas Consagrados e de Novos Realizadores ser confeccionado em dezembro e pretendemos produzir 1000 copias para distribuio em Janeiro. O Lanamento deste produto ser feita em Praa Publica sob Tenda montada especialmente e seguido de comemorao com musica. <p>  Com esse objetivo, convidaremos 14 realizadores com suas obras que podero fazer parte de um DVD duplo de Registro e Memrias dos Encontros de Cinema Negro Brasil frica  2007/2008/2009 e tambm 2010, e assim reverenciar o trabalho de cineastas brasileiros j reconhecidos e focar nos novos realizadores, incentivando jovens de vrios estados, com reconhecimento dos seus trabalhos.  Listamos abaixo, os 14 cineastas que pretendemos convidar, e que possivelmente faro parte do DVD. Sero 6 (seis) realizadores j consagrados e 6 (seis) jovens realizadores com novas produes.  Curtas Clssicos (Consagrados)   Antonio Pillar  O Papel e o Mar  15  2010  (IV Encontro/2010) Antonio Pompeo  Choro e Ladainha  12  2002 - (I e II Encontro/2007 e 2008) Flavio Leandro  A Condio Humana  14  2006 - (I e II Encontro/2007 e 2008) Jeferson De  Carolina  14  2003 - (I e II Encontro/2007 e 2008) Zzimo Bulbul  Alma no Olho - 11  1974  (I e II Encontro/2007 e 2008) Luciano Vidigal  Neguinho e Kika - 18  2005   (I e  II Encontro/2007 e 2008) Joel Zito Araujo  Retratos em Branco e preto  15 - 1993 Total de 99    Curtas Jovens (Novos realizadores)  Lincoln Santos e Alexandre Nascimento  RJ  Santas Ervas  12  2009 - (III Encontro/2009) Julio Pecley  RJ  Eu no ganhei esse edital  830  2008 - (III Encontro/2009) Fernando Barcellos  RJ  Se todos fossem iguais  17  2008 - (II Encontro/2008) Viviane Ferreira  SP - Mutum  7  2010 - (IV Encontro/2010) Paulinho Sacramento  RJ - Milton Santos  6  2010 (IV Encontro/2010) Joselito Crispim  BA - Ilha do rato  18  2005  (II Encontro/2008) Janaina Oliveira  RJ - Rap de Saia  18  2006 - (I Encontro/2007) Total de 8630  DVD RENASCIMENTO AFRICANO <p>  Este documentrio foi filmado em Dakar entre 04 e 15 de abril deste ano a partir de um convite do Governo do Senegal, por ocasio da inaugurao do monumento Renaissance Africaine, e comemorao dos 50 anos de Independncia Africana, reunindo lderes da africanidade e estudiosos da Dispora africana.  Abrange depoimentos de Griots, Religiosos, Polticos, professores, retratando uma frica forte, vigorosa e apontando para o futuro. Um olhar de um diretor afro brasileiro em paralelo ao olhar de um diretor africano.  Foi dirigido por Zzimo Bulbul, com colaborao de Mansour Sora Wade, que  um importante cineasta senegals, que a convite de Bulbul, tem participado no Brasil dos Encontros de Cinema Negro Brasil frica desde 2007 e com a participao de Viviane Ferreira, uma jovem cineasta que assina cmera e fotografia.  Pretendemos finalizar, produzir e distribuir 1000 copias do DVD. CONFECO DE JORNAIS  Com a finalidade de Divulgao do filme Renascimento Africano e do IV Encontro de Cinema Negro Brasil frica e Caribe assim como material fotogrfico/Dakar e do Encontro de Cinema Negro Brasil frica pretendemos produzir um Jornal/Informe. O jornal ter tambm como contedo, o historico dos filmes exibidos no IV Encontro de Cinema Negro Brasil frica e Caribe, assim como as discusses que este projeto propiciar a partir de novembro. A tiragem do jornal ser de 2 mil exemplares. Os lanamentos acontecero em janeiro/2011 no Centro Afro Carioca Cinema para estudantes e formadores de opinio. A distribuio ser feita para Instituies Afro descendentes do Rio de Janeiro e outros estados (So Paulo, Braslia e Salvador e Esprito Santo).    <p> Perfil do Pblico   Comunidades Afro-descendentes, Estudantes da rede pblica de ensino mdio do Estado, e escolas publicas a partir de 18 anos (2 grau), tcnicos e estudantes de cinema, componentes de escolas de samba, integrantes de movimentos Afro Brasileiros.  Formao de platia para o IV Encontro de Cinema Negro Brasil frica e Caribe. O publico  ampliado para alunos da Rede de Escolas Estaduais e Municipais e tambm pblico interessado em cinema selecionados em Escolas de Samba e outras Instituies Afro brasileiras na cidade do Rio de Janeiro, mobilizando um publico jovem e aprofundando os conhecimentos nos que j esto buscando o cinema como forma de criao e incluso no mercado de trabalho, mas tambm despertar este interesse na juventude ainda dispersa.  Nos encontros anteriores o publico teve o acesso facilitado com transporte especial para estudantes e participantes de projetos sociais e entradas gratuitas atravs de senhas.";"Fundação Cultural Palmares";NULL;CONVENIO;01/11/2010;28/02/2011;NULL
"Associação de Cultura e Meio Ambiente";05977454000130;"Prestação de Contas em Análise";NULL;""Com o objetivo de realizar um desdobramento que tenha como foco o Registro e a Memória dos Encontros de Cinema Negro Brasil África, um projeto que vem se realizando desde o ano de 2007 e se tornando referência nacional e internacional por previlegiar a posição, cidadania e valorização do olhar dos cineastas com descendência africana no mundo, propomos à ´Fundação Cultural Palmares :  1.	Do Brasil: O registro de 14 filmes que Zózimo Bulbul curador do evento considera destaques  para serem popularizados através de suas multiplicações em mil DVD´S duplos, com objetivo também de reunir os cineastas pioneiros ou precursores com novos realizadores de forma a entusiasmar estes profissionais para produzirem mais filmes e para que seja reforçada a importância de cada um no mercado de trabalho áudio visual. 2.	Da África: A finalização e reprodução (mil cópias) do “ Renascimento Africano” filmado em Dakar –Senegal, dirigido por Zózimo Bulbul, com colaboração de Mansour Sora Wade, que é um importante cineasta senegalês, que a convite de Bulbul, tem participado no Brasil dos Encontros de Cinema Negro Brasil África desde 2007 e com a participação de Viviane Ferreira, uma jovem cineasta que assina câmera e fotografia. Um olhar de um diretor afro brasileiro em paralelo ao olhar de um diretor africano.  O filme “Renascimento Africano” retrata um momento histórico naquele continente. Temos o objetivo de estreitar relações com o Senegal, mostrar ao público Afro- descendente no Brasil, uma África de pensadores, que interfere na realidade e que principalmente acredita na sua força e no seu potencial no mundo contemporâneo.  Objetivos específicos: A – DVD “Encontros de Cinema Negro Brasil África: Registro e Memória “07/2008/2009/2010.  Descrição:  Pretendemos realizar um Registro em DVD (duplo) com 14filmes em curtas metragem que fazem parte das 4 edições dos Encontros de Cinema Negro Brasil África com produção do Centro Afro Carioca de Cinema. Listamos abaixo, os 14 cineastas que pretendemos convidar, e que possivelmente farão parte do DVD. Serão 7 (sete) realizadores já consagrados e 7 (sete) jovens realizadores com novas produções.  Curtas Clássicos (Consagrados)  Antonio Pillar – O Papel e o Mar – 15’ – 2010 – (IV Encontro/2010) Antonio Pompeo – Choro e Ladainha – 12’ – 2002 - (I e II Encontro/2007 e 2008) Flavio Leandro – A Condição Humana – 14’ – 2006 - (I e II Encontro/2007 e 2008) Jeferson De – Carolina – 14’ – 2003 - (I e II Encontro/2007 e 2008) Zózimo Bulbul – Alma no Olho - 11’ – 1974 – (I e II Encontro/2007 e 2008) Luciano Vidigal – Neguinho e Kika - 18’ – 2005  – (I e  II Encontro/2007 e 2008) Joel Zito Araujo – Retratos em Branco e preto – 15’ - 1993 Total de 99’   Curtas Jovens (Novos realizadores) Lincoln Santos e Alexandre Nascimento – RJ – Santas Ervas – 12’ – 2009 - (III Encontro/2009) Julio Pecley – RJ – Eu não ganhei esse edital – 8’30’’ – 2008 - (III Encontro/2009) Fernando Barcellos – RJ – Se todos fossem iguais – 17’ – 2008 - (II Encontro/2008) Viviane Ferreira – SP – Mumbi  – 7’ – 2010 - (IV Encontro/2010) Paulinho Sacramento – RJ - Milton Santos – 6’ – 2010 (IV Encontro/2010) Joselito Crispim – BA - Ilha do Rato – 18’ – 2005 – (II Encontro/2008) Janaina Oliveira – RJ - Rap de Saia – 18’ – 2006 - (I Encontro/2007) Total de 86’30’’  Lançamento Pretendemos realizar o Lançamento do – DVD “Encontros de Cinema Negro Brasil África: Registro e Memória “ 2007/2008/2009/2010 no Espaço Tom Jobim,  para exibição dos curtas metragem e seguido de comemoração musical dirigida a um público jovem , estudantes e interessados em cinema e novas mídias. B- DVD  RENASCIMENTO AFRICANO Pretendemos finalizar e multiplicar (1000 exemplares), lançar e distribuir o filme “Renascimento Africano” com 50 minutos filmado em Dakar entre 04 e 15 de abril deste ano a partir de um convite do Governo do Senegal e produção de Madiagne Diallo. Dirigido por Zózimo Bulbul, com colaboração de Mansour Sora Wade,  um importante cineasta senegalês, que a convite de Bulbul, tem participado no Brasil dos Encontros de Cinema Negro Brasil África desde 2007 e com a participação de Viviane Ferreira, uma jovem cineasta que assina câmera e fotografia. Lançamento: Será realizado no Centro Afro Carioca de Cinema, instituição dirigida por Zózimo Bulbul, localizada na Lapa, Bairro Central, de fácil acesso e será dirigido ao público formador de opinião, professores e artistas e dirigentes de instituições afro brasileiras. Será focado na distribuição do produto e na divulgação da importância das relações internacionais Brasil – África. Haverá a exibição do filme e uma mesa de debates com presença de Zózimo Bulbul, e convidados: Representante da Fundação Cultural Palmares, o intelectual Julio Cezar Tavares, o Professor Madiagne Diallo, o Embaixador do Senegal e representante do Itamaraty – Departamento África e Ásia."";"Fundação Cultural Palmares";NULL;CONVENIO;27/12/2010;17/04/2012;NULL
"Associação de Cultura e Meio Ambiente";05977454000130;"Aguardando Prestação de Contas";NULL;"O objetivo é produzir um Livro de fotografias que por meio de imagens, depoimentos e textos, apresentará o desenvolvimento e os resultados do processo de implantação dos PCIs. Tiragem de 1000 exemplares.  Realização de exposição no Espaço Tom Jobim (parceiro da Rede Povos da Floresta), no Jardim Botânico do Rio de Janeiro, devendo ocupar um espaço de 300m2. Serão exibidas fotografias, instalações de vídeo e arquivos sonoros, criando um percurso imaginário e ambiente diversos da cultura indígena.A duração de 2 meses, com um público estimado de 5 a 10 mil pessoas.";"Ministério da Cultura";NULL;CONVENIO;31/12/2010;23/06/2012;NULL
